name,yomi,link,pref,city,活動住所,活動場所,活動日,参加条件,定員,費用,ホームページ,備考,募集内容,応募方法,募集開始,募集締切,事務局,TEL,（お願い）,（受付時間）,FAX,E-mail,（その他）,事務局（住所）,その他,募集人員,事務局①,事務局②
小樽少年少女発明クラブ,おたる,http://kids.jiii.or.jp/modules/pico/index.php?content_id=16,北海道,小樽市,北海道小樽市手宮1-3-6,小樽市総合博物館,,,10,,,,,,,,小樽経済センター 内　少年少女発明クラブ事務局,０１３４－２２－１１７７,※件名に、「○○（具体的な名称）少年少女発明クラブの件」とご記入下さい。,,０１３４－２９－０６３０,,,,,,,
帯広少年少女発明クラブ,おびひろ,http://kids.jiii.or.jp/modules/pico/index.php?content_id=17,北海道,帯広市,帯広市緑ヶ丘2,帯広市児童会館,,,30,,,,,,,,帯広市児童会館内　少年少女発明クラブ事務局,０１５５－２４－２４３４,※件名に、「○○（具体的な名称）少年少女発明クラブの件」とご記入下さい。,,０１５５－２２－５４０１,,,,,,,
北見少年少女発明クラブ,きたみ,http://kids.jiii.or.jp/modules/pico/index.php?content_id=19,北海道,北見市,北見市公園町1番地,北網圏北見文化センター内,第2・4土曜日（午前）,市内小学5～6年生及び中学生（継続者のみ）,32,,,,,,,,北網圏北見文化センター内　少年少女発明クラブ事務局,０１５７－２３－６７４２,※件名に、「○○（具体的な名称）少年少女発明クラブの件」とご記入下さい。,,０１５７－３１－８３４４,ｂｕｎｋａｚａｉ＠ｃｉｔｙ．ｋｉｔａｍｉ．ｌｇ．ｊｐ,,,,,,
釧路少年少女発明クラブ,くしろ,http://kids.jiii.or.jp/modules/pico/index.php?content_id=22,北海道,釧路市,北海道釧路市城山,北海道教育大学釧路校（理科室）,原則第2・第4土曜日,小学校3年生～中学校3年生（30名）（一部2年生父母付添のみ）,30,,,,,,,,北海道自然環境整備（株）内　少年少女発明クラブ事務局,０１５４－２２－０１７７,※件名に、「○○（具体的な名称）少年少女発明クラブの件」とご記入下さい。,,０１５４－２２－０１７６,,,,,,,
札幌中島少年少女発明クラブ,さっぽろなかじま,http://kids.jiii.or.jp/modules/pico/index.php?content_id=18,北海道,札幌市中央区,札幌市中央区中島公園1-1,札幌市中島児童会館,土曜日（月１～２回）１３時～１６時,小学校３年生～中学校３年生,１５名,月４００円,,途中入会相談,,希望者先着,４月１０日,４月中,札幌中島少年少女発明クラブ,０１１－８２２－３２１０,※少年少女発明クラブについての件とお伝え下さい。,月曜日～金曜日１０：００～１５：００,０１１－８２２－３２１０,,札幌市中島児童会館011-822-3210,,,,,
札幌西少年少女発明クラブ,さっぽろにし,http://kids.jiii.or.jp/modules/pico/index.php?content_id=12,北海道,札幌市西区,北海道札幌市西区,札幌市立八軒小学校,土曜日　夏・冬休み別途実施,市内在住の小学校3年生～中学校3年生,16名,月額500円,http://www.yume-codomo.com/,ｙｕｍｅ＿ｃｏｄｏｍｏ＠ｙａｈｏｏ．ｃｏ．ｊｐ,,,,,,０９０－８５６９－８０７２,※件名に、「○○（具体的な名称）少年少女発明クラブの件」とご記入下さい。,,０１１－８９８－９７５８,,,,,,,
青森市少年少女発明クラブ,あおもりし,http://kids.jiii.or.jp/modules/pico/index.php?content_id=28,青森県,青森市,青森市松原1-6-15,青森市中央市民センター,原則、毎月第2と第4日曜日午前中、夏・冬休みは１日増,小学校3年生～中学校2年生,60名,年会費5000円,http://www.h5.dion.ne.jp/~sensu/aomori-hatumei-jr-club.page2.html,,,学校を通して募集チラシを児童に配布,毎年度４月はじめ,当日限り,青森市少年少女発明クラブ,０１７－７７４－００３２,※件名に、「○○（具体的な名称）少年少女発明クラブの件」とご記入下さい。,9：00～16：00,０１７－７７４－００３２,aomorisshc＠yahoo.co.jp,,,,,,
板柳町少年少女発明クラブ,いたやなぎまち,http://kids.jiii.or.jp/modules/pico/index.php?content_id=36,青森県,北津軽郡板柳町,青森県北津軽郡板柳町大字福野田字実田11-7,板柳町公民館内,土曜日　月1～2回程度,町内在住の小学3年生～中学3年生の児童、生徒,20,,,,,,,,板柳町教育委員会内　少年少女発明クラブ事務局,０１７２－７２－１８００,※件名に、「○○（具体的な名称）少年少女発明クラブの件」とご記入下さい。,【ここに受付時間が入ります】,０１７２－７２－１８０１,,,,,,,
黒石市少年少女発明クラブ,くろいしし,http://kids.jiii.or.jp/modules/pico/index.php?content_id=31,青森県,黒石市,黒石市内町24-1,黒石市勤労青少年ホーム,土曜日月1～２回程度,市内在中の小学校２年生～中学校３年生,30,年会費３，８００円（傷害保険料を含む）,,,,市広報掲載及び学校へ会員募集チラシ配布,毎年３月に次年度の会員募集,毎年３月下旬,黒石市教育委員会指導課内　少年少女発明クラブ事務局,０１７２－５２－２１１１,※件名に、「○○（具体的な名称）少年少女発明クラブの件」とご記入下さい。,平日9：00～17：00,０１７２－５２－３７７７,ｋｕｒｏ－ｓｈｉｄｏｕ０７＠ｎｅｔ．ｐｒｅｆ．ａｏｍｏｒｉ．ｊｐ,,,,,,
五所川原市少年少女発明クラブ,ごしょがわら,http://kids.jiii.or.jp/modules/pico/index.php?content_id=30,青森県,五所川原市,五所川原市字一ツ谷503-5,五所川原職業能力開発校,毎月第1、3土曜日,小学校3年生～中学校2年生　市内在住者,30名,"年会費　3,500円（傷害保険料を含む）",,,,,,,五所川原市中央公民館内,０１７３－３５－６０５６,※件名に、「○○（具体的な名称）少年少女発明クラブの件」とご記入下さい。,8:00～17:00,０１７３－３５－６０５８,,,,,,,
小泊少年少女発明クラブ,こどまり,http://kids.jiii.or.jp/modules/pico/index.php?content_id=33,青森県,北津軽郡中泊町,青森県北津軽郡中泊町大字小泊字小泊488番地,日本海漁火センター,主に土曜日（年１５回）,地域在住の小学校４年生～中学校３年生,２０名,"年会費1,000円、大会参加費3,000円",開設なし,,,対象とする児童・生徒にクラブ員募集案内を配布,４月上旬,４月中旬,中泊町教育委員会小泊事務所,０１７３－６４－２６７９,※件名に、「○○（具体的な名称）少年少女発明クラブの件」とご記入下さい。,午前8:30～午後16:30,０１７３－６４－３７２２,,,,,,,
十和田市少年少女発明クラブ,とわだし,http://kids.jiii.or.jp/modules/pico/index.php?content_id=26,青森県,十和田市,十和田市西六番町5-10,十和田市南公民館　発明クラブ研修棟,毎週日曜日又は土曜日の午前（エジソン班目ドリーム班クラスを交互に開講）,エジソン班……小学5年生～中学生　ドリーム班……小学3年生～小学4年生,90名,"教材費　エジソン班3,500円、ドリーム班3,000円",,,,直接申し込み用紙に記入して持参する,3月下旬,4月上旬,十和田市南公民館　少年少女発明クラブ事務局,０１７６－２２－４４１６,※件名に、「○○（具体的な名称）少年少女発明クラブの件」とご記入下さい。,8：30-17：15,０１７６－２２－４４２９,,,,,,,
八戸市少年少女発明クラブ,はちのへし,http://kids.jiii.or.jp/modules/pico/index.php?content_id=23,青森県,八戸市,青森県八戸市類家4丁目3-1,主に八戸市児童科学館,原則として月2回。日曜日の9:00～12:00,八戸市内の小学校3年生～中学校3年生,40名,"年間　6,800円(保険料800円含む)",http://www.kagakukan-8.com,,発明クラブで自分のアイディアを形にしよう！「めあて」をもって活動する人、一年間休まずに最後まで活動を続ける「やる気」のある人を募集します。,毎年3月初旬より、科学館で募集要項を配布します。,春休み中に行います。詳細は科学館にお問合せください。,定員になり次第終了,児童科学館内　八戸市少年少女発明クラブ(八戸市類家4-3-1),０１７８－４５－８１３１,※件名に、「○○（具体的な名称）少年少女発明クラブの件」とご記入下さい。,火曜日～日曜日　8:30～17:00,０１７８－４５－８１３２,ｊｉｄｏ＠ｋａｇａｋｕｋａｎ－８．ｃｏｍ　(※送信の際は半角で入力してください）,,,,,,
平川市少年少女発明クラブ,ひらかわし,http://kids.jiii.or.jp/modules/pico/index.php?content_id=24,青森県,平川市,〒０３６－０２４２　青森県平川市猿賀南田１５－１,平川市生涯学習センター　３F　ウッディクラフト室,前期（５～１０月）月に1回(土曜日)午前９：００～１２：００、後期（１１～２月）月２～３回(土曜日)午前９：００～１２：００、但し延長を伴うことがある。３月第１土曜日（交流会）午前９：００～１２：００、但し延長を伴うことがある。,クラブの主旨に賛同する小学3年～中学3年生の児童・生徒。,24名,"年間4,000円(損害保険料800円、材料費3,200円)とする。",青森県,青森県げんねんジュニアロボットコンテストへの出場、交流会などの遠征活動があります。,ものづくり活動、科学実験に興味のあるお子さん,毎年4月上旬に学校から入会案内を配布しています。,定員が空き次第随時受付します。,定員に空きがあれば、随時受け付けしています。,〒０３６－０２１３　青森県平川市新屋町松下３０－８,０９０－２９７１－７１３５,※件名に、「○○（具体的な名称）少年少女発明クラブの件」とご記入下さい。,平日９：００～１８：００,０１７２－５７－４４４７,saori59mail＠gmail.com,,,,,,
弘前市少年少女発明クラブ,ひろさきし,http://kids.jiii.or.jp/modules/pico/index.php?content_id=27,青森県,弘前市,弘前市下白銀町19－4,弘前文化センター　　工作実習室他,各月の指定日曜日　（年間２０回）,小学校３年～中学校３年,４２名,年間３０００円,,,,事務局あてにハガキで応募,弘前市の広報紙等の記載日（３月１５日）,３月３１日,弘前市中野２丁目１４の３　少年少女発明クラブ事務局,０１７２－３２－１６６７,※件名に少年少女発明クラブとご記入願います。,,,ｎａｋａ２１４３ｔｏｍｏ＠ｙａｈｏｏ．ｃｏ．ｊｐ,,,,,,
三沢市少年少女発明クラブ,みさわし,http://kids.jiii.or.jp/modules/pico/index.php?content_id=32,青森県,三沢市,青森県三沢市大字三沢字北山１５８,青森県立三沢航空科学館内,原則として毎月隔週日曜日,小学校3年生～中学校2年生,30名,"年間3,000円（材料費・保険料含む）",,,,,,,青森県立三沢航空科学館,０１７６－５０－７７７７,※件名に、「○○（具体的な名称）少年少女発明クラブの件」とご記入下さい。,9:00～17:00（毎週月曜日休館、ただし月曜が祝日の場合は翌日休館）,０１７６－５０－７５５９,,,,,,,
六ヶ所村少年少女発明クラブ,ろっかしょむら,http://kids.jiii.or.jp/modules/pico/index.php?content_id=35,青森県,上北郡六ヶ所村,青森県上北郡六ヶ所村大字尾駮字二又83番地26,六ヶ所村立二又夢はぐ館,月2回（土曜日）の午前　夏季休暇中は宿泊体験学習を実施,小学校2年生～中学校3年生まで,無し,無し,無し,,,,,,六ヶ所村教育委員会　社会教育課,０１７５－７２－２１１１,※件名に、「○○（具体的な名称）少年少女発明クラブの件」とご記入下さい。,月曜日～金曜日（祝日を除く）8:15～17:00,０１７５－７２－２２４６,,,,,,,
奥州市少年少女発明クラブ,おうしゅうし,http://kids.jiii.or.jp/modules/pico/index.php?content_id=38,岩手県,奥州市,岩手県奥州市水沢大鐘町二丁目15(※送付物は下記事務局にお願いします。),奥州市少年少女発明クラブ川端教室　ほか,"学校行事等に配慮した年間活動計画に沿って行います。
2020年度より2コース制に移行しています。
＜基礎コース＞年10回　第2土曜日9：00～10：15　（原則）
＜応用コース＞年16回　第2・第4土曜日10：30～12：00　（原則）
＜特別活動＞「みんなで体験発明くふう塾」ワークショップ、 2年生限定【入門コース】、県クラブ交流会、作品展示会 など","奥州市内小学生3年生〜6年生
　基礎コース～初回入会者コース～     (3年生・4年生)
　応用コース～基礎修了者•出品コース～(4年生～6年生)","基礎コース16名以内
　応用コース24名以内(各学年8名程度•継続者優先です)","基礎コース　5,000円
　応用コース　8,000円
活動保険料含む。別途、材料費や参加費がかかることもあります。",なし,転入等による途中入会は、事務局までお問い合わせください。,奥州市内小学生3年生～6年生,"毎年３月に小学校を通じて「会員募集チラシ」を配布しています。
チラシの「☆申込について」をみてください。",毎年3月に次年度の募集を行います。,募集開始日から1週間程度、抽選です。,"岩手県奥州市江剌大通リ1番8号
奥州市協働まちづくり部生涯学習スポーツ課江刺生涯学習センター内","0197-35-2111(内線2672)
0197-34-1077 (ダイヤルイン)",※件名に、「○○（具体的な名称）少年少女発明クラブの件」とご記入下さい。,月火木金8:45-17:15 (原則),0197-31-2031(江刺図書館兼用),,,,,,,
北上市少年少女発明クラブ,きたかみし,http://kids.jiii.or.jp/modules/pico/index.php?content_id=39,岩手県,北上市,岩手県北上市大通,北上市生涯学習センター(「おでんせプラザぐろーぶ」内)北上市高等職業訓練校,毎月第2、4土曜日の午後2時～4時まで,小学校2年生～中学校2年生,30名　（先着順）,"年間 1人 3,000円　（弟、妹の2人目からは2,000円）",http://kitakami-hatumei.sakura.ne.jp/,,北上市少年少女発明クラブは、身近な素材を使って理科などを応用した実験や自分のアイデアを形にする工作など、子どもたちの豊かな発想を伸ばすための活動を行っております。,①.氏名　②.保護者名　③.住所　④.電話番号　⑤.学校、学年を記入し、はがき、ファックスまたは電話で申し込む。,3月26日（木）の北上市広報および当クラブのホームページで応募開始（平成22年度会員）,4月15日（木）（平成22年度会員）,北上市少年少女発明クラブ　（北上市生涯学習文化課　社会教育係）,０１９７－６１－３２３２,※件名に、「○○（具体的な名称）少年少女発明クラブの件」とご記入下さい。,土、日、祝日を除く　10:00～17:00,０１９７－６３－３１２１,,,,,,,
大東町少年少女発明クラブ,だいとうちょう,http://kids.jiii.or.jp/modules/pico/index.php?content_id=40,岩手県,一関市,岩手県一関市大東町沖田字峯岸5,旧天狗田小学校（西校舎）,毎月第2、第4土曜日,市内在住の小学1年生～中学生,20,,,,,,,,一関市大東支所生涯学習課内　少年少女発明クラブ事務局,０１９１－７２－２１１１,※件名に、「○○（具体的な名称）少年少女発明クラブの件」とご記入下さい。,,０１９１－７２－２２２２,,,,,,,
遠野市少年少女発明クラブ,とおのし,,岩手県,遠野市,,,,,,,,,,,,,,,,,,,,,,,,
花巻少年少女発明クラブ,はなまき,http://kids.jiii.or.jp/modules/pico/index.php?content_id=41,岩手県,花巻市,岩手県花巻市松園町4-3,花巻市技術振興会館内,原則として毎月第2、第4土曜日午前中,小学３年生～小学6年生、及び中学生,３０名,"年会費 4,000円/人(教材費、障害保険料として)",,習熟度に応じたコース制です。できれば基礎コースからの入会をお勧めします。,手先と道具を操って、いろいろな姿、形、や動くものを自在に作りたい人,事務局（TEL ０１９８－２９－４８５１）に電話を下さい。花巻少年少女発明クラブ会員応募用紙を送りますので、それに記入して事務局に送って下さい。,毎年2月15日頃から（別途お知らせ文書発行します。）,3月10日まで。(定員になり次第締切),花巻少年少女発明クラブ(花巻市技術振興会館内),０１９８－２９－４８５１,※件名に、「花巻少年少女発明クラブの件」とご記入下さい。,毎週月・水・金曜日　9：00～12：00（但し祝祭日を除く）,０１９８－２９－４８５２,,,,,,,
宮古市少年少女発明クラブ,みやこし,http://kids.jiii.or.jp/modules/pico/index.php?content_id=380,岩手県,宮古市,岩手県宮古市長町二丁目６番１号,宮古職業訓練センター,原則、第１及び第３土曜日,原則、宮古市内の小学４年生から６年生,２０名,４，０００円,http://www.miyako-vts.ac.jp/~hatumei/,,,ホームページ、宮古市広報、小学校への募集チラシ配布,平成２９年３月１日,平成２９年３月３１日,（職）宮古職業訓練協会（少年少女発明クラブ事務局）,０１９３－６３－６６８８（代）,※件名に、「宮古市少年少女発明クラブの件」とご記入下さい。,９：００～１７：００,０１９３－６２－６２０７,hatumei＠miyako-vts.ac.jp,,,,,,
盛岡市少年少女発明クラブ,もりおかし,http://kids.jiii.or.jp/modules/pico/index.php?content_id=25,岩手県,盛岡市,盛岡市本宮字蛇屋敷13-1,盛岡市子ども科学館　工作室,4月～2月の毎週日曜日（夏休み・冬休み期間を除く）,初級コース：小学校4年生～6年生、応用コース：小学校5年生～中学校2年生,各コース15名ずつ　計30名,"年会費5,000円（傷害保険料込）",http://www.kodomokagakukan.com/hatumei/hatumei-index.html,,工作、発明に興味がある人を募集します。,盛岡市子ども科学館内、盛岡市広報2月15日号の募集内容を往復はがきに記入し送付。（応募者多数場合は抽選）,2月中旬,3月上旬,盛岡市少年少女発明クラブ（盛岡市子ども科学館内）,０１９－６３４－１１７１,※件名に、「○○（具体的な名称）少年少女発明クラブの件」とご記入下さい。,9:00～16:30（※少年少女発明クラブについての件とお伝え下さい。）,０１９－６３５－２５６１,,,,,,,
仙台市青葉少年少女発明クラブ,せんだいしあおば,http://kids.jiii.or.jp/modules/pico/index.php?content_id=46,宮城県,仙台市青葉区,仙台市青葉区荒巻字青葉6-6　東北大学　青葉山キャンパス18-2,東北大学　工学部　カタールサイエンスキャンパス　カタールホール,月1回　第3土曜日　(先生・会場の都合により変更有）,仙台市内及び近郊の小学校4年生～6年生,初級20名,"初級コース22,000円（会費、教材費）",http://www.hatsumei.club/,,初級20人（小4～6年）,ホームページ　http://www.hatsumei.club/ にて告知,,,〒980-0803　仙台市青葉区国分町1-6-18　東北銀行ビル　3階,０２２－２６１－１２１２,※件名に、「仙台市青葉少年少女発明クラブの件」とご記入下さい。,AM9:00～18：00(土・日・祝日を除く）,０２２－２６１－０８８８,sendai-aoba@hatsumei.club,,,,,,
仙台市泉少年少女発明クラブ,せんだいしいずみ,http://kids.jiii.or.jp/modules/pico/index.php?content_id=43,宮城県,仙台市泉区,仙台市泉区将監10-3-1,仙台市立将監中央小学校,月2回（第1・3土曜日）,市内在住の小学4年生～小学6年生,45,,,,,,,,仙台市泉区役所まちづくり推進課内　少年少女発明クラブ事務局,０２２－３７２－３１１１,※件名に、「○○（具体的な名称）少年少女発明クラブの件」とご記入下さい。,,０２２－７７３－８８２３,,,,,,,
仙台市太白少年少女発明クラブ,せんだいしたいはく,http://kids.jiii.or.jp/modules/pico/index.php?content_id=45,宮城県,仙台市太白区,仙台市太白区太白1-5-1,仙台市立太白小学校,月2回　土曜日午後から,太白区等在住の小学4年生～中学2年生,40,,http://eenet-tohoku.jp/html/taihakuhatumei/,,,,,,仙台市太白少年少女発明クラブ事務局,０２２－２４５－３４７４,※件名に、「○○（具体的な名称）少年少女発明クラブの件」とご記入下さい。,,０２２－２４５－２４８５,,,,,,,
大和町少年少女発明クラブ,たいわちょう,http://kids.jiii.or.jp/modules/pico/index.php?content_id=59,宮城県,黒川郡大和町,宮城県黒川郡大和町吉岡南二丁目4-14,大和町ふれあい文化創造センター,（原則）毎月第2・4土曜日,町内の小学生,25名,"入会金3,000円　　講座ごと500円",,,,,,,大和町教育委員会生涯学習課,０２２－３４５－７５０８,※件名に、「○○（具体的な名称）少年少女発明クラブの件」とご記入下さい。,午前8時30分～午後5時30分,０２２－３４４－３７５５,ｓｙａｋｙｏ＠ｔｏｗｎ．ｔａｉｗａ．ｍｉｙａｇｉ．ｊｐ,,,,,,
富谷市少年少女発明クラブ,とみやし,http://kids.jiii.or.jp/modules/pico/index.php?content_id=44,宮城県,冨谷市,宮城県富谷市西成田郷田一番94,富谷市　西成田コミュニティセンター　　ホール,主に第3日曜午後,富谷市内の小学校4年生～6年生,20,"年間　10,000円(材料費、保険料)",https://www.tomiya-kids-invention-club.com/,,,応募方法：広報とみやに応募方法を掲載,3月1日,3月15日,西成田コミュニティセンター内,０２２－３５８－４３１５（横倉）,※件名に、「○○（具体的な名称）少年少女発明クラブの件」とご記入下さい。,10時～18時,,<tomiya.kids.invention.club@gmail.com/>,,,,,,
秋田市少年少女発明クラブ,あきたし,http://kids.jiii.or.jp/modules/pico/index.php?content_id=49,秋田県,秋田市,秋田県秋田市広面字釣瓶町13-3,秋田市東部市民サービスセンター,第１・第３土曜日　１３：３０～１５：３０,市内在住の小学3年生～中学3年生,２０人,４，０００円（保険料含む）,,,,毎年３月に秋田市広報に掲載、各小学校への募集案内ポスターの掲示,３月下旬,４月上旬,秋田市東部市民サービスセンター内　秋田少年少女発明クラブ,０１８－８５３－１３８９,※件名に、「○○（具体的な名称）少年少女発明クラブの件」とご記入下さい。,８：３０～１７：１５,０１８－８３４－１８２９,,,,,,,
大館少年少女発明クラブ,おおだて,http://kids.jiii.or.jp/modules/pico/index.php?content_id=47,秋田県,大館市,大館市釈迦内字獅ヶ森１番地,大館郷土博物館,毎週土曜日,小学校3学年～中学校2学年,30名,"年会費2,000円",,,,大館市教育委員会より各小中学校へ通知する,4月 1日,4月30日,〒017-0806　大館市相染沢中岱１３－２５,０１８６－４２－４２５９,※件名に、「○○（具体的な名称）少年少女発明クラブの件」とご記入下さい。,,０１８６－４２－３３６２,,,,,,,
さがえ少年少女発明クラブ,さがえ,http://kids.jiii.or.jp/modules/pico/index.php?content_id=398,山形県,寒河江市,山形県寒河江市中央1-9-45,旧幸生小学校（寒河江市幸生550）,5月-2月の間、原則、月に2回、土曜日の午前中,寒河江市内の小中学校の児童・生徒,40名,"年会費　\5,000",https://www.sagaemirai.jp/,,,寒河江市の小中学校内メールシステムで告知・応募,春,春,さがえ未来コンソーシアム事務局,０２３７－８５－１５５６,※件名に、「さがえ少年少女発明クラブの件」とご記入下さい。,9：00～16:30,０２３７－８６－８６９１,info＠sagaemirai.jp  　送信の際は＠を半角小文字に変えてください。,,,,,,
鶴岡少年少女発明クラブ,つるおか,http://kids.jiii.or.jp/modules/pico/index.php?content_id=52,山形県,鶴岡市,山形県鶴岡市大宝寺字日本国２５４－６,秋山鉄工(株)　日本国工場内　『末端技術研究所』,基本的に毎月第二・四土曜日（９：００～１１：３０）,小学校３年生～中学校３年生,１５名,年額４，０００円（保険料含む）,http://mattanken.jimdo.com/,,モノづくりに興味のある児童生徒の皆さんの参加をお待ちしています。,『広報つるおか５月号』にて募集。,５月１日,５月第２金曜日,鶴岡少年少女発明クラブ事務局 （鶴岡市教育委員会学校教育課内）,０２３５－５７－４８６５,※件名に、「○○（具体的な名称）少年少女発明クラブの件」とご記入下さい。,８：３０～１７：１５,０２３５－５７－４８８６,gkyouiku＠city.tsuruoka.yamagata.jp,,,,,,
天童少年少女発明クラブ,てんどう,http://kids.jiii.or.jp/modules/pico/index.php?content_id=58,山形県,天童市,山形県天童市老野森2-6-2,天童市勤労青少年ホーム内,毎月1回土曜日　午前9時30分～正午,市内在住の小学校3年生～小学校6年生,30,,,,,,,,天童商工会議所内　少年少女発明クラブ事務局,０２３－６５４－３５１１,※件名に、「○○（具体的な名称）少年少女発明クラブの件」とご記入下さい。,,０２３－６５４－７４８１,,,,,,,
東根少年少女発明クラブ,ひがしね,http://kids.jiii.or.jp/modules/pico/index.php?content_id=53,山形県,東根市,山形県東根市白水1丁目7,東根地域職業訓練センター（旧東根公民館）,第1・3土曜日　9:00～12:00,（募集時において）小学校３～５年生,３０人程度,５００円（保険料）,,,,事務局までご連絡ください,例年9月上旬頃,例年9月下旬頃,東根少年少女発明クラブ（東根市教育委員会　管理課内）,０２３７－４２－１１１１（内線：３５１１）,※件名に、「○○（具体的な名称）少年少女発明クラブの件」とご記入下さい。,月曜日～金曜日（8:30～17:15）,０２３７－４３－１１７６,,,,,,,
三川少年少女発明クラブ,みかわ,http://kids.jiii.or.jp/modules/pico/index.php?content_id=54,山形県,東田川郡三川町,山形県東田川郡三川町,おもしろ教室,毎月土曜日（月2回程度）,小学４年生～中学3年生,１６名,年会費　3000円,,なし,もの作りや科学に興味があるお子さん,学校から配布されるチラシをご覧ください,４月上旬,４月下旬,三川少年少女発明クラブ（テオトル内）,０２３５－６４－８３１０,※件名に、「○○（具体的な名称）少年少女発明クラブの件」とご記入下さい。,平日の8：30～17:00,０２３５－６４－８３１１,kouminkan＠town.mikawa.yamagata.jp,,,,,,
最上少年少女発明クラブ,もがみ,http://kids.jiii.or.jp/modules/pico/index.php?content_id=57,山形県,新庄市,山形県新庄市大字昭和６６０番地,最上市町村圏事務組合教育研究センター,５月～１１月　毎週土曜日,小学校４年生以上,20名,,,,,,,,最上市町村圏事務組合　教育研究センター,0233-32-1888,※件名に、「○○（具体的な名称）少年少女発明クラブの件」とご記入下さい。,9時-17時,0233-32-1889,center＠mkc.jp,,,,,,
山形少年少女発明クラブ,やまがた,http://kids.jiii.or.jp/modules/pico/index.php?content_id=51,山形県,山形市,山形県山形市双月町,山形少年少女発明クラブ,学校休日（土）の午前　月2～3回　年間計画表に基づいて活動（年28回）,小学校3年生～中学校2年生,30～40名,"年会費8,000円（保険代含む）",,途中入会も可能です。,科学ものづくりに興味のあるお子さん,希望者、先着順を原則（大幅にオーバーのときは抽選も）,毎年3月上旬から下旬まで、募集を行っています。,3月旬,山形少年少女発明クラブ事務局（浦安）,０２３－６２３－７２８３,※件名に、「○○（具体的な名称）少年少女発明クラブの件」とご記入下さい。,,０２３－６２３－７２８３,,,,,,,
米沢少年少女発明クラブ,よねざわ,http://kids.jiii.or.jp/modules/pico/index.php?content_id=56,山形県,米沢市,山形県米沢市城南4-3-16,山形大学工学部,定例5月～12月　主に第2・第4土曜日午後、自主講座　1月～4月,小学4年生～6年生,30名,"3,000円/年　チャレコンからくりコースは8,000円/年",米沢工業会-会員活動報告-米沢少年少女発明クラブ,工業会のHPから写真により、現在の活動の様子が見られます。,,小学校に資料配布,4月中旬,5月上旬,（一社）米沢工業会内　米沢少年少女発明クラブ,0238-22-7866　0238-26-3043,※件名に、「○○（具体的な名称）少年少女発明クラブの件」とご記入下さい。,,0238-22-7866,ｔａｋａｓｕｚｕ＠ｙｚ．ｙａｍａｇａｔａ－ｕ．ａｃ．ｊｐ,,,,,,
会津若松市少年少女発明クラブ,あいづわかまつし,http://kids.jiii.or.jp/modules/pico/index.php?content_id=63,福島県,会津若松市,福島県会津若松市栄町3－50,会津若松市生涯学習総合センター「會津稽古堂」１階美術工芸スタジオ,土曜日の午前中（夏休み・冬休み中は平日）,市内の小学4年生から小学6年生,35名程度,基本的に無料ですが、体験料等別途発生する場合があります。,https://www.city.aizuwakamatsu.fukushima.jp/docs/2007080801006/,,,毎年、学校をとおして、募集を行っています。,毎年４月,毎年５月上旬（定員になり次第締め切り）,会津若松市観光商工部商工課（会津若松市少年少女発明クラブ事務局）,０２４２－３９－１２５２,※件名に、「○○（具体的な名称）少年少女発明クラブの件」とご記入下さい。,8時30分から17時15分まで,０２４２－３９－１４３３,ｓｈｏｋｏ＠ｔｗ．ｃｉｔｙ．ａｉｚｕｗａｋａｍａｔｓｕ．ｆｕｋｕｓｈｉｍａ．ｊｐ,,,,,,
喜多方市少年少女発明クラブ,きたかたし,http://kids.jiii.or.jp/modules/pico/index.php?content_id=64,福島県,喜多方市,福島県喜多方市字押切2-1,喜多方プラザ,,,25,,,,,,,,喜多方市中央公民館内　少年少女発明クラブ事務局,０２４１－２４－４８１１,※件名に、「○○（具体的な名称）少年少女発明クラブの件」とご記入下さい。,,０２４１－２４－４６１２,,,,,,,
郡山市少年少女発明クラブ,こおりやまし,http://kids.jiii.or.jp/modules/pico/index.php?content_id=61,福島県,郡山市,郡山市駅前2-11-1,ビッグアイ　郡山市ふれあい科学館,5月から翌年2月まで。原則として日曜日の午前。,小学3年生～中学3年生,30,無料,http://www.space-park.jp/club/hatsumei/,,,毎年3月頃から募集。詳しくは当クラブのホームページにてお知らせします。,,,郡山市ふれあい科学館内　少年少女発明クラブ事務局,０２４－９３６－０２０１,※件名に、「○○（具体的な名称）少年少女発明クラブの件」とご記入下さい。,10：00～17：00,０２４－９３６－００８９,ｉｎｆｏ＠ｓｐａｃｅ－ｐａｒｋ．ｊｐ,,,,,,
石岡少年少女発明クラブ,いしおか,http://kids.jiii.or.jp/modules/pico/index.php?content_id=67,茨城県,石岡市,石岡市高浜112,石岡市立旧城南中学校　技術室,第２土曜日,小学校３年～６年生まで,30名,"年会費3,000円",,,,科学技術週間時（継続会員はその節に）,当日　10:00～12:00,当日　12時（ＡＭ）,茨城県石岡市若松2-3-31,０２９９－２４－１８０５,※件名に、「○○（具体的な名称）少年少女発明クラブの件」とご記入下さい。,,０２９９－２４－１８０５,,,,,,,
牛久市少年少女発明クラブ,うしくし,http://kids.jiii.or.jp/modules/pico/index.php?content_id=69,茨城県,牛久市,牛久市牛久町1606,牛久市立向台小学校図工室,原則として毎月第一、第三土曜日　　午前9時30分～11時30分,牛久市内の小学校3年生～6年生,48名,"年会費4,000円",,,,2月に学校で募集のチラシが配られます。,3月初め,3月中ごろ,牛久市教育委員会文化芸術課　発明クラブ担当,０２９－８７１－２３０１,※件名に、「○○（具体的な名称）少年少女発明クラブの件」とご記入下さい。,午前8時30分から午後5時30分,,usikuhatumei@outlook.jp,,,,,,
日立少年少女発明クラブ,ひたち,http://kids.jiii.or.jp/modules/pico/index.php?content_id=68,茨城県,日立市,日立市幸町1-21-1日立シビックセンター6階,日立市幸町1-21-1日立シビックセンター6階,定例活動（毎月第2日曜日）、補完活動（毎月第4日曜日）,小学3年生から中学3年生まで,概ね70名,3000円（年会費）※臨時徴収有,http://www.hatumei.info/,,,市報等で周知,2月下旬,3月下旬 ※ただし、クラブ員数に余裕がある場合は随時募集,日立市生活環境部女性青少年課,０２９４－２６－０３１５,※E-mailで問い合わせ等をする場合は、「発明クラブへの問い合わせ」と最初に記載してください。,9時から17時30分（土・日、祝日を除く）,０２９４－２６－０３１７,josei＠city.hitachi.lg.jp　※送信時は＠を半角小文字にしてください。,,,,,,
ひたちなか少年少女発明クラブ,ひたちなか,http://kids.jiii.or.jp/modules/pico/index.php?content_id=66,茨城県,ひたちなか市,ひたちなか市東石川1-1-1,ひたちなか市立東石川小学校内,毎月第1・第3日曜日、第2・第4土曜日のうちから2～3回、夏休み,市内在住の小学3年生～中学2年生,55,,,,,,,,ひたちなか市教育委員会生涯学習課内　少年少女発明クラブ事務局,０２９－２６２－４１２５,※件名に、「○○（具体的な名称）少年少女発明クラブの件」とご記入下さい。,,０２９－２６２－５６３７,,,,,,,
水戸少年少女発明クラブ,みと,http://kids.jiii.or.jp/modules/pico/index.php?content_id=65,茨城県,水戸市,水戸市全隈町80-1,水戸市少年自然の家,毎月2回　土曜日の午前,市内在住又は市内の小中学校に通学する小学校3年生～中学校3年生,40,,https://www.city.mito.lg.jp/site/education/4399.html,,,,,,水戸市教育委員会事務局　生涯学習課　青少年育成係内　水戸少年少女発明クラブ事務局,０２９－３０６－８６９２,※件名に、「○○（具体的な名称）少年少女発明クラブの件」とご記入下さい。,,０２９－３０６－８６９３,ｓｅｉｓｙｏｕｎｅｎ＠ｃｉｔｙ．ｍｉｔｏ．ｌｇ．ｊｐ,,,,,,
小山市少年少女発明クラブ,おやまし,http://kids.jiii.or.jp/modules/pico/index.php?content_id=70,栃木県,小山市,栃木県小山市乙女1-31-7,小山市立博物館,毎月2回（日曜日）,市内在住の小学3年生～中学1年生,30,,http://www5.city.oyama.tochigi.jp/hakubutu/,,,,,,小山市立博物館内　少年少女発明クラブ事務局,０２８５－４５－５３３１,※件名に、「○○（具体的な名称）少年少女発明クラブの件」とご記入下さい。,,０２８５－４５－５２４７,,,,,,,
桐生少年少女発明クラブ,きりゅう,http://kids.jiii.or.jp/modules/pico/index.php?content_id=73,群馬県,桐生市,群馬県桐生市仲町2-4-21,桐生市東小学校,第１、第３土曜日　１４：００～１７：００,市内在住の小学３年生～中学３年生,25名,原則無料　※場合により材料費を集めることがあります。（５００円程度）,http://www.kiryucci.or.jp,他のクラブ活動、塾などにより全日程参加出来ない場合は、事務局（ＴＥＬ：０２７７－４５－１２０１）までご相談下さい。,工作が好きな方、手先が器用な方、発想が豊かな方・・・,申込書を桐生商工会議所へＦＡＸまたは、持参する。,毎年　３月１５日ごろより,毎年　４月１５日ごろ（定員になり次第締切り）,桐生商工会議所工業課内　桐生少年少女発明クラブ事務局,０２７７－４５－１２０１,※件名に「桐生少年少女発明クラブの件」とご記入下さい。,平日（午前８時３０分～午後５時１５分）,０２７７－４５－１２０６,info＠kiryucci.or.jp　※メール送信時は＠を半角小文字にしてください。,,,,,,
高崎少年少女発明クラブ,たかさき,http://kids.jiii.or.jp/modules/pico/index.php?content_id=72,群馬県,高崎市,〒370-0065群馬県高崎市末広町23番地1,高崎市少年科学館,第2・4日曜日（原則として）13：30～16：00,小学校4年生～中学校3年生,25名,"年3,000円",,見学会を実施する場合に参加費程度を集める場合もあります。,発明やものづくりに興味のある、小学生４年生以上中学生まで。,担当者までお問合せください（事務局：少年科学館　企画展示課）,毎年1月～2月,2月末日（中途からでも受付け可能な場合もあります）,高崎市少年科学館　企画展示課,０２７－３２１－０３２３,※件名に、「○○（具体的な名称）少年少女発明クラブの件」とご記入下さい。,9時～17時　　月曜日休館（夏休みは開館）,０２７－３１０－６６７６,ｔｅｎｊｉ＠ｔ-ｋａｇａｋｕｋａｎ．ｏｒ．ｊｐ,,,,,,
富岡少年少女発明クラブ,とみおか,http://kids.jiii.or.jp/modules/pico/index.php?content_id=74,群馬県,富岡市,〒370-2316　群馬県富岡市富岡1344番地,富岡市勤労者会館,6月から12月までの土曜日10回,富岡市内に住んでいる小学校4年生～6年生,24名,"3,000円（材料費・保険料）",,,工作や工夫、発明に興味のある児童,毎年4月1日または5月1日号に広報「とみおか」で募集,毎年4月上旬,広報・HPに掲載（毎年4月下旬～5月中旬）,富岡少年少女発明クラブ（富岡市役所産業振興課内）,０２７４－６２－１５１１（代表）,※件名に、「○○（具体的な名称）少年少女発明クラブの件」とご記入下さい。,月～金（祝日を除く）AM8：30～PM5：15,０２７４－６２－０３５７,ｈａｔｓｕｍｅｉ＠ｃｉｔｙ．ｔｏｍｉｏｋａ．ｌｇ．ｊｐ,,,,,,
前橋少年少女発明クラブ,まえばし,http://kids.jiii.or.jp/modules/pico/index.php?content_id=71,群馬県,前橋市,前橋市西片貝町5-7,前橋市児童文化センター,原則として第2・第4日曜日の午後（ただし，夏休みは別に行う）,市内在住の小学4年生～中学3年生,25,,http://www.jbc.menet.ed.jp/club/hatumei/index.html,,,,,,前橋市児童文化センター内　少年少女発明クラブ事務局,０２７－２２４－２５４８,※件名に、「○○（具体的な名称）少年少女発明クラブの件」とご記入下さい。,,０２７－２４３－８３６１,,,,,,,
加須市少年少女発明クラブ,かぞし,http://kids.jiii.or.jp/modules/pico/index.php?content_id=75,埼玉県,加須市,埼玉県加須市外野３５０－１,加須市加須未来館,活動日と定めた土曜日（9:00～12:00）,市内在住の小学4年生～小学6年生,３６名,年間　1人　1000円（制作内容により必要な材料は各参加者で負担）,,,,,,,加須市教育委員会　生涯学習部　文化・学習センター,０４８０－６２－１２２１,※件名に、「○○（具体的な名称）少年少女発明クラブの件」とご記入下さい。,９：００～１７：００,０４８０－６２－２２２１,ｂｕｎｋａｇａｋｕｓｈｕ＠ｃｉｔｙ．ｋａｚｏ．ｌｇ．ｊｐ,,,,,,
さいたま市少年少女発明クラブ,さいたまし,http://kids.jiii.or.jp/modules/pico/index.php?content_id=76,埼玉県,さいたま市北区,埼玉県さいたま市北区日進町2-1864-5,さいたま市産業振興会館,第1・3・5土曜日,市内在住の小学4年生～中学2年生,30,,,,,,,,さいたま市少年少女発明クラブ事務局,０４８－６６５－８０６１,※件名に、「○○（具体的な名称）少年少女発明クラブの件」とご記入下さい。,,０４８－６６５－８０６１,,,,,,,
新座市少年少女発明クラブ,にいざし,http://kids.jiii.or.jp/modules/pico/index.php?content_id=77,埼玉県,新座市,新座市畑中1-15-58,新座市畑中公民館,学校休日の土曜日の午前,小学校4年生～6年生,18名,"年会費2,000円",,,工作や科学に興味があり、8割以上出席が可能な方,電話で先着順、受け付けた人には案内を送る,2月初旬頃,定員満了時,新座市畑中公民館内,０４８－４７８－５４１１,※件名に、「○○（具体的な名称）少年少女発明クラブの件」とご記入下さい。,火曜日～土曜日　8:30～17:00,０４８－４８２－４５９３,,,,,,,
旭少年少女発明クラブ,あさひ,http://kids.jiii.or.jp/modules/pico/index.php?content_id=82,千葉県,旭市,千葉県旭市二の51257,旭市青年の家　工作室（クラブ専用の独立建物）,毎月第4日曜日を除く午前中8：30-11：30（但し3連休は休みとし第4週と振替）年間37回実施,旭市内小学校3～6年生（希望者は中2まで可）,30名（最大36名まで可）,"年間　6,000円（傷害保険・材料費の一部）",http://www.hirameki.jiii.or.jp/sibu/chiba/chiba.htm,ｒｓｃ７１５５２＠ｎｉｆｔｙ．ｃｏｍ,,学校訪問（２月）と市広報（3/1号）で募集。募集要項・申込書は事務局及び学校、現クラブ員に配布。申込書を学校または直接事務局に提出する。,２月上旬～,定員到達まで（ゆとりがあれば４月中は受け入れ可）,千葉県旭市二の51257　旭市青年の家内　旭少年少女発明クラブ,０４７９－６３－１５２５,※件名に、「○○（具体的な名称）少年少女発明クラブの件」とご記入下さい。,8:30～17:00,０４７９－６３－１５２６,rsc71552@nifty.com,,,,,,
市原・袖ケ浦少年少女発明クラブ,いちはら・そでがうら,http://kids.jiii.or.jp/modules/pico/index.php?content_id=85,千葉県,市原市,千葉県市原市椎津461,市原市立姉崎小学校,毎年5月～3月　第2・4土曜日　午前の部9:30～12:00　午後の部13:00～15:30,小学校3年生～中学校2年生,140名,"年間5,000円",http://hirayama-a.com/hatumeiclub/index.html,,,ハガキに住所、氏名、電話番号、学校名、新学年、性別、希望クラス（午前、午後）、保護者名明記,毎年2月中旬～,毎年3月初旬（多数の場合は抽選）,住友化学（株）千葉工場総務チーム内,０４３６－６１－１３１３,※件名に、「○○（具体的な名称）少年少女発明クラブの件」とご記入下さい。,8:00～17:00,０４３６－６１－２２２９,,,,,,,
佐倉少年少女発明クラブ,さくら,http://kids.jiii.or.jp/modules/pico/index.php?content_id=83,千葉県,佐倉市,千葉県佐倉市飯野820,佐倉草ぶえの丘,原則として月3回、土曜日,市内在住の小学3年生～小学6年生,30,,,,,,,,佐倉市教育委員会内　少年少女発明クラブ事務局,０４３－４８４－６１８５,※件名に、「○○（具体的な名称）少年少女発明クラブの件」とご記入下さい。,,０４３－４８６－９４０１,,,,,,,
千葉市少年少女科学クラブ,ちばし,http://kids.jiii.or.jp/modules/pico/index.php?content_id=79,千葉県,千葉市中央区,千葉県千葉市中央区中央４丁目５番１号,千葉市科学館　９階科学工作室,"毎年6月～3月までの日曜日のうち全30日前後　9：30-12：00
　　　　　　※夏休み期間中は平日の活動もあり",小学校4年生～中学校2年生,20名(基礎工作コース／アイデア工作コース）,5000円（教材費、科学館年間パスポート個人会員費用含む）,http://www.kagakukanQ.com,楽しいアイデア工作を通して、科学的に考える力や独創性を身につけます。,自分で考えたアイデアを工作してかたちにしたい方を募集します。,千葉市科学館ホームページ等で募集要項をご確認の上、往復はがきにてご応募ください。（応募多数の場合抽選）,※詳細はHP等でご確認ください,,千葉市科学館,０４３－３０８－０５１７(教育普及）,※件名に、「○○（具体的な名称）少年少女発明クラブの件」とご記入下さい。,9:00～19:00　※休館日あり,０４３－３０８－０５２０,,,,,,,
八匝少年少女発明クラブ,はっそう,http://kids.jiii.or.jp/modules/pico/index.php?content_id=80,千葉県,匝瑳市,〒289-2192 千葉県匝瑳市今泉6474番地,匝瑳市役所野栄総合支所,毎月第1・3・4の日曜日　　　３連休となった日曜日は休講,小学３年生～中学３年生　条件付きで小学２年生も可,20人,"教材費および保険料として入会時に5,000円",https://www.facebook.com/八匝少年少女発明クラブ-237402073821199,クラブ活動の実態等または、協賛等のご連絡は千葉県匝瑳市上谷中2290-9電話0479-73-3510(会長、笹本)までお願いします。,管内の小中学校に通う小学3年生から中学3年生　定員20名,：匝瑳市および横芝光町広報2月号に掲載し、管内各小中学校に募集要項を配布します。,2月1日頃から,3月中旬,八匝少年少女発明クラブ　会長　笹本稔,０８０－５４２８－８３２５または０４７９－７３－３５１０（自宅）,※件名に、「○○（具体的な名称）少年少女発明クラブの件」とご記入下さい。,平日は19時から20時くらい　土、日は受遺時,０４７９－７３－３５１０,,,,,,,
松戸市少年少女発明クラブ,まつど,http://kids.jiii.or.jp/modules/pico/index.php?content_id=81,千葉県,松戸市,千葉県松戸市新松戸3-1-4,新松戸未来館2階,原則として、毎週土曜日は14：30-16：30、毎週日曜日は10：00-12：00の各時間です。,小３から中３（保護者同伴で低学年も可能）,土曜・日曜コースともに各４０名〈８０名〉,旧８０００円⇒１００００円（H30年度より）,,土・日以外は事務局へ（０９０－５７６６－３７５１）,,新規・継続とも４月の学校がスタートしてから１年ごと提出,継続する部員優先、新規は４月１日以降,５月５日定員になり次第,新松戸未来館２階,０９０－５７６６－３７５１,※件名に、「○○（具体的な名称）少年少女発明クラブの件」とご記入下さい。,土曜日午後13：00-17：00、日曜日午前9：00-13：00,,ｙｎ２４８２９＠ｙａｈｏｏ．ｃｏ．ｊｐ/td>,入会の申込書は、①新松戸未来館２階外玄関前、②近隣の小学校、③松戸市文化ホール（松戸ビル４階）④松戸市役所生涯学習課に有ります。,,,,,
茂原少年少女発明クラブ,もばら,http://kids.jiii.or.jp/modules/pico/index.php?content_id=84,千葉県,茂原市,〒297-0023 千葉県茂原市千代田 2-8-12,茂原市社会教育センター　内,毎週土・日曜日の午前中。　(お盆、正月休み有),小学3年生から中学2年生。（原則として）,60名,"年間　5,000円　（傷害保険含む）",https://sites.google.com/site/mobarahatsumei/,,工作に興味があり、道具をうまく使いこなしたいお子さん。,ハガキ、又は電話でクラブ事務局へ問合せ。,毎年4月初めから。（途中入会可能）,4月中旬。（途中入会可能）,茂原市教育委員会　生涯学習課,０４７５－２０－１５５９,※件名に、「○○（具体的な名称）少年少女発明クラブの件」とご記入下さい。,月曜～金曜日　10:00～15:00,０４７５－２０－１６０７,gakusyu＠city.mobara.chiba.jp,,,,,,
おおた少年少女発明クラブ,おおた,http://kids.jiii.or.jp/modules/pico/index.php?content_id=89,東京都,大田区,東京都大田区蒲田2-10-1,大田区産学連携施設,主に毎月第2・第4土曜日,小学4年生～小学6年生,53,,https://www.pio-ota.jp/human-resources/hatsumei-club.html,,,,,,㈶大田区産業振興協会企業支援グループ経営サポートチーム内　少年少女発明クラブ事務局,０３－３７３３－６１４４,※件名に、「○○（具体的な名称）少年少女発明クラブの件」とご記入下さい。,,０３－３７３３－６４９６,,,,,,,
台東区少年少女発明クラブ,たいとうく,http://kids.jiii.or.jp/modules/pico/index.php?content_id=87,東京都,台東区,台東区西浅草３－２５－１６,台東区生涯学習センター,"土曜日コース：　 　毎月第1・第3土曜日の14時から16時
日曜日午前コース：毎月第1・第3日曜日の10時から12時
日曜日午後コース：毎月第1・第3日曜日の14時から16時",台東区内在住か在学の小学校3年生から中学校3年生の児童・生徒,各コース32名　合計96名,"年会費3,000円",http://www.hatumei.club/,,,,2月末,3月末日,台東区教育委員会生涯学習課,０３（５２４６）５８１５,※件名に、「○○（具体的な名称）少年少女発明クラブの件」とご記入下さい。,9:00～17:00,０３（５２４６）５８１４,,,,,,,
調布少年少女発明クラブ,ちょうふ,http://kids.jiii.or.jp/modules/pico/index.php?content_id=88,東京都,調布市,東京都調布市調布ヶ丘1-5-1,電気通信大学創立80周年記念会館,月１回。原則第1又は第3土曜日，14:00～16:00,小学4年生～小学6年生,36名（女子18名，男子18名）,"年会費 6,000円（傷害保険料および材料代実費相当）",http://www.ccr.uec.ac.jp/activity/club/hatsumei_index.html,,ホームページをご確認ください。,ホームページをご確認ください。,2022年2月1日,2022年2月28日,電気通信大学社会連携センター発明クラブ事務局,０４２－４４３－５８８０,※件名に、「調布少年少女発明クラブの件」とご記入下さい。,9:00～17:00（昼休み12:00～13:00）,０４２－４４３－５８８７,ｄｅｓｋ＠ｃｃｒ．ｕｅｃ．ａｃ．ｊｐ,,,,,,
町田市少年少女発明クラブ,まちだし,http://kids.jiii.or.jp/modules/pico/index.php?content_id=90,東京都,町田市,東京都町田市本町田２８６３,町田市青少年施設ひなた村、ほか,原則　毎月1回　日曜日午前9時30分～１２時、若しくは１６時（内容による）,小学校3年生～中学校3年生の男女学童、生徒,会員：72名　1班6名12班編成、準会員は定めていません,"年会費　会員：13,000　円、準会員：8,000円",http://blog.livedoor.jp/machida_club,全てのプログラムに参加する会員と、当クラブのエッセンスであるコンテストやイベントなどに参加する準会員があります。詳細は、当クラブホームページをご覧ください。,原則町田市在住小学校3年生～中学校3年生男女,町田市広報「広報まちだ」に募集案内記載,2月21日ごろを予定,2月 末日ごろを予定,町田市青少年施設ひなた村内発明クラブ事務局,０４２－７２８－１５０４,※件名に、「○○（具体的な名称）少年少女発明クラブの件」とご記入下さい。,随時,０４２－７２９－３８５１,,,,,,,
みなと少年少女発明クラブ,みなと,http://kids.jiii.or.jp/modules/pico/index.php?content_id=394,東京都,港区,東京都港区虎ノ門３－６－９,港区立みなと科学館,月１回　日曜日,港区在住の小学校３～６年生,１８名,５０００円（材料費）,https://minato-kagaku.tokyo/,,２０２０年度の応募は締め切りました。,,,,㈶ 港区立みなと科学館　みなと少年少女発明クラブ事務局　　担当：米谷（よねたに）,０３－６３８１－５０４１,※件名に、「○○（具体的な名称）少年少女発明クラブの件」とご記入下さい。,午前９時～午後８時,０３－３５７８－３７１９,,,,,,,
川崎北部少年少女発明クラブ,かわさきほくぶ,http://kids.jiii.or.jp/modules/pico/index.php?content_id=354,神奈川県,川崎市麻生区,①川崎市多摩区中野島3-12-1、②川崎市麻生区万福寺1-2-2,①中野島小学校、②新百合21ビル内,原則として、毎月第2・4日曜日,川崎市高津区・宮前区・多摩区・麻生区及び近隣在住の小学３年生～中学３年生の児童生徒,：ホームページをご覧ください。,：ホームページをご覧ください。,https://www.isc.meiji.ac.jp/~nagailab/kncic/index.html,,"川崎市高津区・宮前区・多摩区・麻生区及び近隣在住の小
学３年生～中学３年生の児童生徒",ホームページをご覧ください。,ホームページをご覧ください。,ホームページをご覧ください。,〒215-0021　神奈川県川崎市麻生区上麻生6-25-1　麻生総合病院事務局長室内,,※メールでのご連絡をお願いしております。件名に「川崎北部少年少女発明クラブの件」とご記入下さい。,,,ｋａｗａｓａｋｉｈｏｋｕｂｕｈａｔｓｕｍｅｉ＠ｇｍａｉｌ．ｃｏｍ,,,,,,
川崎さいわい少年少女発明クラブ,かわさきさいわい,http://kids.jiii.or.jp/modules/pico/index.php?content_id=94,神奈川県,川崎市幸区,神奈川県川崎市幸区堀川町72-34 ラゾーナ川崎東芝ビル2Ｆ,東芝未来科学館内,"4月から翌3月まで月1回、第3日曜日を中心に行います。
ただし、変則的に月2回活動したり、活動日が第1や第4日曜になる場合があります。",【未来コース】小4～6年生【工夫コース】未来コースを修了した小5年生以上,24名,"10,000円（保険料含む）",http://toshiba-mirai-kagakukan.jp/,,,東芝未来科学館ホームページからお申し込み,毎年2月初旬頃（予定）,毎年2月末頃（予定）抽選後メールにて結果連絡,東芝未来科学館内　少年少女発明クラブ事務局,０４４－５４９－２２００,※件名に、「○○（具体的な名称）少年少女発明クラブの件」とご記入下さい。,10:00－18:00,０４４－５２０－１５００,東芝未来科学館お問い合わせよりご連絡ください,,,,,,
横浜中田少年少女発明クラブ,よこはまなかた,http://kids.jiii.or.jp/modules/pico/index.php?content_id=92,神奈川県,横浜市泉区,横浜市泉区中田東1-41-3,白百合ベビーホーム　地域交流室,毎月、第二・第四日曜日　9：30～12：00,小学3年生～6年生,20名,"年間3,000円",http:/nakata-club.o.oo7.jp,８月はお休みです。,工作が好きな方、器用な方、発想が豊かな方、・・,毎年３月に中田連合の自治会・町内会に掲示します。ＨＰでも案内します。,３月中旬(募集要項参照),４月中旬(募集要項参照),,045-812-2907,※件名に、「○○（具体的な名称）少年少女発明クラブの件」とご記入下さい。,9:00～17：00,045-812-2907,CQL00076＠nifty.com,,横浜市泉区中田北3-27-16,,,,
飯田少年少女発明クラブ,いいだ,http://kids.jiii.or.jp/modules/pico/index.php?content_id=99,長野県,飯田市,長野県飯田市丸山町４－５５００－１,かざこし子どもの森公園 おいで館,月2回　土曜日　13:30～15:30,飯田市近住の小学3～6年生・中学生,20名,"年会費 3,000円(保険料含む)",https://kazakoshi.net/gaiyou/iida-hatsumei/ (かざこし子どもの森公園 HP内),,,クラブ HPからお申し込みください。,2月上旬 頃,3月中旬 頃,平成記念かざこし子どもの森公園,０２６５－５９－８０８０,※件名に、「○○（具体的な名称）少年少女発明クラブの件」とご記入下さい。,9:00～17:00　(月曜日を除く),０２６５－５９－８０７９,ｋａｚｅｔａｒｏ＠ｄｉａ．ｊａｎｓ．ｏｒ．ｊｐ,,,,,,
大町少年少女発明クラブ,おおまち,http://kids.jiii.or.jp/modules/pico/index.php?content_id=96,長野県,大町市,長野県大町市平2112-38,大町エネルギー博物館,毎週日曜日（6月中旬～11月　夏休み期間を除く）,小学校4年生～中学校3年生,20名,1シーズン2000円（自由工作材料費等は個人負担）,http://omachiemuse.web.fc2.com/,,,,,,大町少年少女発明クラブ（大町エネルギー博物館内）,０２６１－２２－７７７０,※件名に、「○○（具体的な名称）少年少女発明クラブの件」とご記入下さい。,金曜日～火曜日　9時～16時,０２６１－２２－７７７０,,,,,,,
松本少年少女発明クラブ,まつもと,http://kids.jiii.or.jp/modules/pico/index.php?content_id=98,長野県,松本市,松本市県3-１-１,松本市あがたの森文化会館,毎月第2土曜日,主に市内在住の小学4年生～小学6年生,36,,,,,,,,松本市あがたの森文化会館内　少年少女発明クラブ事務局,０２６３－３２－１８１２,※件名に、「○○（具体的な名称）少年少女発明クラブの件」とご記入下さい。,,０２６３－３３－９９８６,,,,,,,
甲府少年少女発明クラブ,こうふ,http://kids.jiii.or.jp/modules/pico/index.php?content_id=100,山梨県,甲府市,山梨県甲府市湯村3丁目,甲府市北公民館内,毎月第2土曜日　午前中　夏季休暇中は特別スケジュール,小学校3年生～中学校3年生,60名,"年会費　2,000円",,,,,,,甲府市少年少女発明クラブ（甲府市北公民館内）,０５５－２５２－０６１１,※件名に、「○○（具体的な名称）少年少女発明クラブの件」とご記入下さい。,月曜日～金曜日　9:00～17:00,,,,,,,,
都留少年少女発明クラブ,つる,http://kids.jiii.or.jp/modules/pico/index.php?content_id=101,山梨県,都留市,山梨県都留市上谷１－１－２,都留市立谷村第一小学校内発明クラブ教室,土曜日（月１～２回）,都留市内在住の小学４年生～中学３年生,20名,"年間2,000円（年間保険料、材料費等）",,,,市内小中学校を通し応募用紙を提出,毎年4月中旬,毎年4月下旬,都留市教育委員会　生涯学習課　生涯学習担当,0554-43-1111,※件名に、「○○（具体的な名称）少年少女発明クラブの件」とご記入下さい。,平日8:30～17:15,0554-45-5005,syougai2＠city.tsuru.lg.jp,,,,,,
身延町少年少女発明クラブ,みのぶちょう,http://kids.jiii.or.jp/modules/pico/index.php?content_id=102,山梨県,南巨摩郡身延町,南巨摩郡身延町梅平2483-36,身延町役場身延支所3F　旧議場,毎月第2・4土曜日9：00-11：30,小学１年生から中学３年生（小３までは保護者同伴）,20,"年間1,000円",,,,下記まで電話にて申し込みしてください。,随時、募集中です。,,身延町教育委員会生涯学習課　発明クラブ事務局,０５５６－２０－３０１７,※件名に、「○○（具体的な名称）少年少女発明クラブの件」とご記入下さい。,平日8：30-17：00,０５５６－３６－００８８,なし,,,,,,
湖西少年少女発明クラブ,こさい,http://kids.jiii.or.jp/modules/pico/index.php?content_id=103,静岡県,湖西市,,,,,,,https://www.city.kosai.shizuoka.jp/kosodate_kyoiku/kyoiku_bunka/bunka_shogaigakushu/3206.html,,,,,,（社）発明協会　創造性開発チーム,０３－３５０２－５４３４,※件名に、「○○（具体的な名称）少年少女発明クラブの件」とご記入下さい。,平日9:00～17:30、土日祝は不可。,０３－３５０２－３４８５,ｃｌｕｂ＠ｊｉｉｉ．ｏｒ．ｊｐ,,,,,,
静岡市少年少女発明クラブ,しずおかし,http://kids.jiii.or.jp/modules/pico/index.php?content_id=396,静岡県,静岡市,〒424-0806　静岡県静岡市清水区辻1-2-1　えじりあ3・4階,静岡市こどもクリエイティブタウンま・あ・る(４Fなんでもホール),6/26、7/24、8/18、8/28、9/25、10/23、11/27、12/18、1/22、2/26、3/12,静岡市内小学生4年～6年生,16名,"\4,000（ミニロボ＋工具代＋保険料）",https://mini-robo.com/,最初に作るミニロボ以外の完成品はお持ち帰り頂けません。相撲ロボット、玉入れロボットなどの課題ロボットは完成後分解して部品を別の課題ロボット制作用に使用します。希望される場合は完成品をお持ち帰りいただいて結構ですが、次回クラブ開催時に必ずご持参ください。,,ミニロボ公式HPのエントリーフォームよりお申込みください。,5月23日,6月10日,ミニロボ有限責任事業組合,０５４－３６１－３２６１,※件名に、「静岡市少年少女発明クラブの件」とご記入下さい。,10：00～17:00,０５４－３６７－３３５５,minirobo01＠yahoo.co.jp 　送信の際は＠を半角小文字に変えてください。,"静岡市少年少女発明クラブの活動を紹介したブログになります。
https://shizuoka-hatsumei.blog.jp/",,,,,
藤枝市少年少女発明クラブ,ふじえだし,http://kids.jiii.or.jp/modules/pico/index.php?content_id=392,静岡県,藤枝市,藤枝市前島1-7-10,藤枝市産学官連携推進センター,6月27日（土）～　年間9回,市内在住の小学校5，6年生,30名,無料,https://www.city.fujieda.shizuoka.jp,,,広報ふじえだ、ホームページ、小学校へ配布されたチラシ,5月5日,5月31日（本年度の募集は終了しました。）,藤枝市教育委員会生涯学習課,０５４－６３１－７１１１,※件名に、「○○（具体的な名称）少年少女発明クラブの件」とご記入下さい。,8:30～17:15,０５４－６４３－３６１０,rouju＠city.fujieda.lg.jp　送信の際は＠を半角小文字に変えてください。,,,,,,
沼津市少年少女発明クラブ,ぬまづし,,静岡県,沼津市,,,,,,,,,,,,,,,,,,,,,,,,
三島市少年少女発明クラブ,みしまし,http://kids.jiii.or.jp/modules/pico/index.php?content_id=105,静岡県,三島市,三島市大宮町1-8-38,三島市民生涯学習センター５階美術室・手芸室ほか,原則第１・第３土曜日　9：00～12：00,：三島市内在住小学4～6年生,50人程度,6000円/年,https://www.city.mishima.shizuoka.jp/ipn039994.html,,,広報みしま、市HP、小学校配布チラシ,４月１日,４月下旬,三島市生涯学習課　女性青少年係,０５５－９８３－０８８３,※件名に、「三島市少年少女発明クラブの件」とご記入ください。,8:30～17:15,０５５－９８３－０８７０,syougai@city.mishima.shizuoka.jp,,,,,,
上越市少年少女発明クラブ,じょうえつし,http://kids.jiii.or.jp/modules/pico/index.php?content_id=108,新潟県,上越市,新潟県上越市下門前446番地2,上越科学館,土曜日（毎月1～2回、午前9時～12時、わくわくコースは年10回、はっけんコースとひらめきコースは年15回）　施設見学の回のみ8月中の平日,小学校2年生～中学校3年生,各コース24名、合計72名,"参加費：わくわくコースは年2,000円、はっけんコースは年3,000円、ひらめきコースは年4,000円",https://www.city.joetsu.niigata.jp/site/kagakukan/,,工作や工夫に興味があるお子さんを募集します,年度末、市内小中学校に配布する案内状にある申込書で応募します。定員を超える場合は、抽選することがあります。,案内状にあります。,案内状にあります。,上越市少年少女発明クラブ事務局（上越科学館内）,０２５－５４４－２１２２（代表）,※件名に、「○○（具体的な名称）少年少女発明クラブの件」とご記入下さい。,電話は上越科学館開館日の13:00～17:00,０２５－５４４－３９３９,kagakukan＠city.joetsu.lg.jp　※＠を半角小文字に直して送信してください,,,,,,
愛知みよし少年少女発明クラブ,あいちみよしし,http://kids.jiii.or.jp/modules/pico/index.php?content_id=364,愛知県,愛知みよし市,愛知県みよし市三好町大慈山2-11,㈶みよし市　保田ヶ池センター,原則として日曜日の午後,みよし市在住の小学校３年生～小学校６年生,４０名,"年会費6,000円",,,,"市広報""Hol Line""に掲載し、応募者多数の場合は先着順または抽選を行います。",,,㈶みよし商工会,０９０－１７８２－２９００,※件名に、「○○（具体的な名称）少年少女発明クラブの件」とご記入下さい。,,,,,,,,,
阿久比町少年少女発明クラブ,あぐいちょう,http://kids.jiii.or.jp/modules/pico/index.php?content_id=121,愛知県,知多郡阿久比町,阿久比町,阿久比中学校木工・金工室他,第2・第4土曜日,,,,,,,,,,阿久比町少年少女発明クラブ事務局（阿久比町立中央公民館内）,０５６９－４８－１１１１　内線２６０,※件名に、「○○（具体的な名称）少年少女発明クラブの件」とご記入下さい。,,０５６９－４８－６２２９,,,,,,,
安城市少年少女発明クラブ,あんじょうし,http://kids.jiii.or.jp/modules/pico/index.php?content_id=114,愛知県,安城市,安城市福釜町　・安城市新田町　・安城市桜井町,西部公民館　・中部公民館　・桜井公民館,毎月第２・３・４土曜日午前（中部公民館のみ午後も有り）,市内在住の小学３年生～中学３年生,西部教室・中部午前教室・中部午後教室・南部教室各３０名,年会費５，５００円（会費１，５００円、材料費４，０００円）,http://genki365.net/gnka01/mypage/index.php?gid=G0000235,,,安城市広報誌「あんてな冬号」掲載,毎年１２月中旬に実施,先着順にて、受付して定員になり次第締め切り,安城市少年少女発明クラブ事務局,０５６６－７７－３３７６,※件名に、「○○（具体的な名称）少年少女発明クラブの件」とご記入下さい。,９時～１５時（安城市文化センター休館日除く火～金曜日）,０５６６－７７－３３７６,ａｎｊｙｏｕ－ｈａｔｕｍｅｉ＠ｋａｔｃｈ．ｎｅ．ｊｐ,,,,,,
一宮少年少女発明クラブ,いちのみや,http://kids.jiii.or.jp/modules/pico/index.php?content_id=120,愛知県,一宮市,稲沢市井之口町中西反畑4500,豊田合成株式会社 健康管理センター,毎月第3土曜日（原則）,一宮市内の小学校4・5・6年生,137名,"年間参加費5,000円",http://www.138hatu.jp/,,,,,,一宮商工会議所内　少年少女発明クラブ事務局,０５８６－７２－４６１１,※件名に、「○○（具体的な名称）少年少女発明クラブの件」とご記入下さい。,,０５８６－７２－４４１１,ｉｎｆｏ＠ｉｃｈｉｎｏｍｉｙａ－ｃｃｉ．ｏｒ．ｊｐ,,,,,,
大口少年少女発明クラブ,おおぐち,http://kids.jiii.or.jp/modules/pico/index.php?content_id=126,愛知県,丹羽郡大口町,〒480-0145愛知県丹羽郡大口町丸1-38,大口町立　大口中学校　技術教室,毎月第1又は第2土曜日午後,大口町内外小学4年～6年生,30名,年会費あり,,,,申込書提出,毎年4月上旬,毎年4月中旬,大口少年少女発明クラブ事務局　丹羽郡大口町伝右1-47,０５８７－９５－８８００または０５８７－９５－４６２０,※件名に、「○○（具体的な名称）少年少女発明クラブの件」とご記入下さい。,毎週水木土日,０５８７－９５－９０３５または０５８７－９５－４６２０,<kiyoiza135201@outlook.jp/td>,,,,,,
大府市少年少女発明クラブ,おおぶし,http://kids.jiii.or.jp/modules/pico/index.php?content_id=111,愛知県,大府市,大府市柊山町二丁目24番地,子どもステーション内　どんぐり創房,,,,,https://www.city.obu.aichi.jp/kosodate/1008743/1008847/index.html,,,,,,大府市柊山町二丁目24番地,０５６２－４８－７４５０,※件名に、「○○（具体的な名称）少年少女発明クラブの件」とご記入下さい。,,０５６２－４８－７４５０,,,,,,,
岡崎市少年少女発明クラブ,おかざきし,http://kids.jiii.or.jp/modules/pico/index.php?content_id=117,愛知県,岡崎市,岡崎市上六名３丁目３番地４,六名会館２階,第三日曜日　（午後１時から５時迄）,小学校３年生～中学校３年生迄,４８名,年会費６０００円（特別講座は、随時材料費徴収),,https://okazaki-hatsumei.jimdo.com/,,応募方法：上記ホームページにて募集案内　次年度申込書の提出,毎年１０月から次年度入会申込書　受付,年明け２月月例活動日（第三日曜日）迄,森田　宏,０８０－７９５３－１７７３,※件名に、「○○（具体的な名称）少年少女発明クラブの件」とご記入下さい。,午前１０時～午後５時迄,０５６４－３２－２６７５,okazaki.hc.jiii@gmail.com,,,"途中入会は、行っておりません。ご了承下さい。
特別講座は、現在　ロボットカープログラミング講座のみです。",,,
尾張旭市少年少女発明クラブ,おわりあさひし,http://kids.jiii.or.jp/modules/pico/index.php?content_id=393,愛知県,尾張旭市,尾張旭市東大道町原田2410-2,尾張旭市中央公民館,日曜日午前9時10分～午後0時10分ほか,市内在住の小学4年生～中学生,コース別に設定あり,"基本コース（半期、5回）5,000円ほか",https://www.city.owariasahi.lg.jp/site/asahi-miryoku/2010.html,,,尾張旭市のホームページを参照してください。,,,尾張旭市教育委員会生涯学習課,0561-76-8181,※件名に、「少年少女発明クラブの件」とご記入下さい。,8：30～17：15（平日）,0561-52-5766,gakushu@city.owariasahi.lg.jp,,,,,,
蒲郡少年少女発明クラブ,がまごおり,http://kids.jiii.or.jp/modules/pico/index.php?content_id=124,愛知県,蒲郡市,愛知県蒲郡市西迫町馬乗50-2,愛知工科大学,原則月1回、土曜日,小学４年生～中学生,41,年会費４，０００円,http://www.city.gamagori.lg.jp/unit/bunspo/hatsumei.html,,,広報、HPに掲載予定,１月下旬,２月末日,蒲郡市教育委員会文化スポーツ課内　少年少女発明クラブ事務局,0533-66-1167,※件名に、「○○（具体的な名称）少年少女発明クラブの件」とご記入下さい。,午前８時３０分～午後５時１５分,0533-66-1199,bunspo＠city.gamagori.lg.jp,,,,,,
刈谷少年少女発明クラブ,かりや,http://kids.jiii.or.jp/modules/pico/index.php?content_id=109,愛知県,刈谷市,愛知県刈谷市司町1-2,デンソーふれあいプラザゆうきそう,学校休日　土曜日・日曜日の午前・午後（学校夏期休暇中は特別スケジュール）,小学2年生～中学3年生,なし,ホームページをご覧ください。,http://kariya-hatsumei.jimdo.com/,,,年1回、詳しはホームページをご覧ください。,１２月中旬,１月末日,公益財団法人刈谷少年少女発明クラブ,０５６６－２３－１１６１,※件名に、「○○（具体的な名称）少年少女発明クラブの件」とご記入下さい。,８：００～１７：００（休日：月曜日・火曜日）,０５６６－２５－４７６５,ｋｓｈｃｌｕｂ＠ｋａｔｃｈ．ｎｅ．ｊｐ,,,,,,
北名古屋市少年少女発明クラブ,きたなごや,http://kids.jiii.or.jp/modules/pico/index.php?content_id=127,愛知県,北名古屋市,愛知県北名古屋市西之保八龍５０番地,北名古屋市環境学習センター,毎月第２日曜日、第３土・日曜日、第４土曜日,小学校４年から中学校３年生までの児童・生徒,２８８名,"ものづくりコース7,000円、ロボットコース15,000円",http://kitanagoya-hatsumei.jp/,,,所定の応募用紙に必要事項を記入し提出,毎年２月上旬,毎年２月下旬,北名古屋市教育委員会生涯学習課,０５６８－２２－１１１１,※件名に、「○○（具体的な名称）少年少女発明クラブの件」とご記入下さい。,午前９時～午後５時,０５６８－２３－３１５０,shogai＠city.kitanagoya.lg.jp,,,,,,
幸田町少年少女発明クラブ,こうたちょう,http://kids.jiii.or.jp/modules/pico/index.php?content_id=365,愛知県,額田郡幸田町,,,原則として土曜日または日曜日の午前,,４８名,原則、１回あたり５００円の年会費制,,,,町内小学校へ募集要項を配布し、応募者多数の場合は抽選等を行います。,,,幸田町企画部企業立地課,０５６４－６２－１１１１,※件名に、「○○（具体的な名称）少年少女発明クラブの件」とご記入下さい。,,０５６４－６３－５１３９,,,,,,,
こまき少年少女発明クラブ,こまき,,愛知県,小牧市,,,,,,,,,,,,,,,,,,,,,,,,
高浜市少年少女発明クラブ,たかはまし,http://kids.jiii.or.jp/modules/pico/index.php?content_id=115,愛知県,高浜市,高浜市神明町2-18-3,たかはま夢・未来塾,第２土曜他,高浜市内在住　小学４年生～中学３年生,３６名,年間４，０００円,http://yume-mirai-juku.com,,,２月頃　市内小中学生に募集チラシ配布,２月末頃,３月初め頃,高浜市少年少女発明クラブ（たかはま夢・未来塾内）,０５６６－８７－７６０８,※件名に、「○○（具体的な名称）少年少女発明クラブの件」とご記入下さい。,月、火、木、金　9：00～12：00,０５６６－８７－７６０８,hatumei＠yume-mirai-juku.com,,,,,,
武豊町少年少女発明クラブ,たけとよちょう,http://kids.jiii.or.jp/modules/pico/index.php?content_id=397,愛知県,知多郡武豊町,知多郡武豊町字山ノ神２０－１,武豊町中央公民館,第1土曜日,小学４年生～６年生,２０名,"年会費2,000円",,活動日が変更になる場合があります。,,応募期間内に直接応募（定員になり次第締め切り）,,,知多郡武豊町役場生涯学習課,０５６９－７２－１１１１,※少年少女発明クラブの件とご入力ください。,平日午前８時３０分～午後５時１５分,０５６９－７３－０００１,ｇａｋｕｓｈｕ＠ｔｏｗｎ．ｔａｋｅｔｏｙｏ．ｌｇ．ｊｐ,,,,,,
田原市少年少女発明クラブ,たはらし,http://kids.jiii.or.jp/modules/pico/index.php?content_id=356,愛知県,田原市,田原市赤石２丁目２番地,田原福祉センター　多目的室,原則第４土曜日の午前,市内在住の小学５年生～６年生,40名,"年会費6,800円",,,,小学校を通じて募集（応募多数の場合は抽選）,,,田原市文化生涯学習課,０５３１－２３－３６３５,※件名に、「○○（具体的な名称）少年少女発明クラブの件」とご記入下さい。,平日午前８時３０分～午後５時１５分,０５３１－２２－３８１１,ｓｙｏｇａｋｕ＠ｃｉｔｙ．ｔａｈａｒａ．ａｉｃｈｉ．ｊｐ,,,,,,
知多市少年少女発明クラブ,ちたし,http://kids.jiii.or.jp/modules/pico/index.php?content_id=399,愛知県,知多市,愛知県知多市新知東町２丁目７番地の２,知多市ふれあいプラザ,毎月第３日曜日（原則）,市内在住の小学４年生～６年生,30名,"年会費3,000円",https://www.city.chita.lg.jp/docs/2023031900017/,活動日が変更になる場合があります。,,所定の応募用紙に必要事項を記入し提出,毎年２月,毎年２月,知多市中部公民館,０５６２－５４－１５３５,※件名に、「知多市少年少女発明クラブの件」とご記入下さい。,午前9時～5時（月曜休館）,０５６２－５６－２９１１,ko-chu@city.chita.lg.jp,,,,,,
知多市少年少女発明クラブ,ちたし,http://kids.jiii.or.jp/modules/pico/index.php?content_id=399,愛知県,知多市,愛知県知多市新知東町２丁目７番地の２,知多市ふれあいプラザ,毎月第３日曜日（原則）,市内在住の小学４年生～６年生,30名,"年会費3,000円",https://www.city.chita.lg.jp/docs/2023031900017/,活動日が変更になる場合があります。,,所定の応募用紙に必要事項を記入し提出,毎年２月,毎年２月,知多市中部公民館,０５６２－５４－１５３５,※件名に、「知多市少年少女発明クラブの件」とご記入下さい。,午前9時～5時（月曜休館）,０５６２－５６－２９１１,ko-chu@city.chita.lg.jp,,,,,,
東海市少年少女発明クラブ,とうかいし,http://kids.jiii.or.jp/modules/pico/index.php?content_id=113,愛知県,東海市,東海市大田町細田23,東海市立大田小学校　図工室,"基礎工作教室→毎月第1・3土曜日
応用発明教室→毎月第2・4土曜日",市内在住の小学2年生～中学3年生,各教室24名（応募者多数の場合は抽選により決定）,"3,800円（年間、保険料含む）",https://www.city.tokai.aichi.jp/kosodate/1002484/1002491.html,,,フォームにて申し込み,4月初旬,,東海市役所社会教育課内　東海市少年少女発明クラブ事務局,052-603-2211／0562-33-1111,※件名に、「○○（具体的な名称）少年少女発明クラブの件」とご記入下さい。,午前8時30分～午後5時15分（土日祝日を除く）,052-604-9290,shakyou@city.tokai.lg.jp,,,,,,
豊川少年少女発明クラブ,とよかわ,http://kids.jiii.or.jp/modules/pico/index.php?content_id=122,愛知県,豊川市,愛知県豊川市市田町,赤塚山公園ぎょぎょランド,毎月第3土曜日（原則）,小学校4年生～6年生,32名,なし,https://toyokawa-cci.org/information/kodomo-monozukuri/,,子どもものづくり教室,豊川市子どもセンター(０５３３－８８－８０３５）へお電話にてお申込ください。,偶数月初め（原則）,定員になり次第,豊川少年少女発明クラブ（豊川商工会議所内）,０５３３－８６－４１０１,※件名に、「○○（具体的な名称）少年少女発明クラブの件」とご記入下さい。,月曜日～金曜日　8:40～17:30,０５３３－８４－１８０８,,,,,,,
豊田少年少女発明クラブ,とよた,http://kids.jiii.or.jp/modules/pico/index.php?content_id=110,愛知県,豊田市,豊田産業文化センター（豊田市ｌ小坂本町）、豊田地域文化広場（〃西田町）、豊田市教職員会館（〃保見町）、大豊工業㈱（〃緑ケ丘）,豊田産業文化センター、豊田地域文化広場、豊田市教職員会館、大豊工業㈱（4か所）,土曜日・日曜日　詳しくは豊田少年少女発明クラブホームページをご覧ください。,小学校１年生～中学生,ホームページをご覧ください。,ホームページをご覧ください。,http://www.hm2.aitai.ne.jp/~thatumei/,,年１回、詳しくはホームページをご覧ください。,希望者は往復ハガキで応募ください。　応募者多数の場合は抽選となります。,２月初旬,２月上旬,豊田少年少女発明クラブ（豊田産業文化センター内）,０５６５－３１－１１８８,※件名に、「○○（具体的な名称）少年少女発明クラブの件」とご記入下さい。,9:30～16:00　　(休日：月曜日・木曜日）,０５６５－３１－１１８８,thatumei＠hm2.aitai.ne.jp　※送信の際は＠を半角小文字に変えてください。,,,,,,
豊橋少年少女発明クラブ,とよはし,http://kids.jiii.or.jp/modules/pico/index.php?content_id=125,愛知県,豊橋市,愛知県豊橋市松葉町三丁目1番地,こども未来館　ここにこ,毎月第3土曜日　その他必要に応じて,市内の小学校４～６年生の児童で、活動場所への安全な交通手段が確保できる者,70名　　毎年新規に40名ほどを募集,3000円／年,http://www.t-hatu.jp/,,市内小学校在学の4・5年生　参加後は卒業まで継続可能,1回／年　小学校を通して公募,2月初旬,3月初旬,こども未来館　ここにこ 内,０５３２－２１－５５２５,※件名に、「○○（具体的な名称）少年少女発明クラブの件」とご記入下さい。,9:30～17:00,０５３２－５６－５５５２,ｉｎｆｏ＠ｔ－ｈａｔｕ．ｊｐ,,,,,,
名古屋少年少女発明クラブ,なごや,http://kids.jiii.or.jp/modules/pico/index.php?content_id=123,愛知県,名古屋市中区,,市内５会場（デリバリー教室）,４～７月、１０月～１月の土曜日または日曜日（デリバリー教室）,小学４年生～中学生（デリバリー教室）,各教室２４名程度×５会場（デリバリー教室）,１０，０００円（デリバリー教室）,http://www.city.nagoya.jp/kurashi/category/11-5-6-0-0-0-0-0-0-0.html,,,往復はがきで事務局へ応募。詳しくは事務局までお問い合わせください。,例年２月上旬,例年３月上旬,"名古屋少年少女発明クラブ事務局
（公益財団法人中部科学技術センター内）",０８０－６９２０－４４８９,※件名に「名古屋少年少女発明クラブの件」とご記入ください。,9時～17時(平日),０５２－２０４－１４６９（公益財団法人中部科学技術センター内）,ｈａｋｋｅｎ＠ｃｓｔｃ．ｏｒ．ｊｐ,,,,,,
西尾市少年少女発明クラブ,にしおし,http://kids.jiii.or.jp/modules/pico/index.php?content_id=112,愛知県,西尾市,西尾市桜町二丁目35番地,さくら会館,土曜日(基礎コース、応用コースが隔週で活動),小学校3年生～中学校2年生,120名,"年間8,000円",https://nisiohatumei.xsrv.jp/,,広報、学校で案内,市広報、学校で案内　応募用紙に記入,毎年2月上旬,"毎年3月中旬（但し,定員になり次第締め切り）",中央ふれあいセンター内,０５６３－５６－７６７６,※件名に、「○○（具体的な名称）少年少女発明クラブの件」とご記入下さい。,午前9時～午後4時（但し、不在日もある）,０５６３－５６－２９００,shidouin01@city.nishio.lg.jp,,,,,,
日進市少年少女発明クラブ,にっしんし,http://kids.jiii.or.jp/modules/pico/index.php?content_id=355,愛知県,日進市,日進市折戸町笠寺山６２-３,日進市民会館　工芸室,毎週土曜日の午前,市内在住の小学４年生～６年生,２０名×５教室,"年会費5,000円",https://www.city.nisshin.lg.jp/department/gakusyukyoiku/shogai_gakushu/7/2/2/8/index.html,,,,,,日進市生涯学習課,０５６１－７３－４１９１,※件名に、「○○（具体的な名称）少年少女発明クラブの件」とご記入下さい。,,０５６１－７４－０２５８,ｓ＿ｇａｋｕｓｈｕ＠ｃｉｔｙ．ｎｉｓｓｈｉｎ．ｌｇ．ｊｐ,,,,,,
半田市少年少女発明クラブ,はんだし,http://kids.jiii.or.jp/modules/pico/index.php?content_id=116,愛知県,半田市,愛知県半田市中午町170番地,ツカサ　創生館,"（創造クラス）原則第2土曜日午前
（基礎クラス）原則第4土曜日午前","（創造クラス）半田市及び近郊市町の小学5，6年生
（基礎クラス）半田市及び近郊市町の小学4年生",（創造クラス）40名、（基礎クラス）32名,"年間5,000円",https://handahatsumei.wixsite.com/club1,※創造クラスは原則基礎クラスからの継続となるため、新規募集は基礎クラスのみとなります。,,ホームページにて詳細案内（２月初旬）,,,ツカサ工業株式会社　経営企画部内　少年少女発明クラブ事務局,０５６９－２２－３１１１,※件名に、「○○（具体的な名称）少年少女発明クラブの件」とご記入下さい。,平日9：00-12：00　13：00-17：00,０５６９－２１－０１０１,handahatsumei＠yahoo.co.jp,,,,,,
碧南市少年少女発明クラブ,へきなんし,http://kids.jiii.or.jp/modules/pico/index.php?content_id=119,愛知県,碧南市,愛知県碧南市汐田町１－１－２,碧南市ものづくりセンター,4月～2月（8月を除く）の土日の午前午後　８月は自由工作教室などの特別スケジュール,小学校３年生～６年生 、中学生、高校生,240名,"年会費　５,０００円　（中学生、高校生は１,０００ 円）",http://www.city.hekinan.aichi.jp/HATSUMEI/index.htm,途中入会も定員に余裕があれば可,色んな工夫のある工作を自分の手で作ってみたい子、ぜひ参加してください。,毎月1月に募集します。広報へきなんや学校で配られるプリントを見てください。途中入会については。上記お問合せ先へ電話してください。,1月上旬,２月上旬頃,碧南市少年少女発明クラブ,０５６６－４３－５０３１,※件名に、「○○（具体的な名称）少年少女発明クラブの件」とご記入下さい。,火曜日～日曜日8:30～17:00,０５６６－４３－５０４１,,,,,,,
大垣市少年少女発明クラブ,おおがきし,http://kids.jiii.or.jp/modules/pico/index.php?content_id=130,岐阜県,大垣市,大垣市室本町５丁目５１番地,大垣市スイトピアセンター　学習館,第4土曜日ほか,小学3年生～6年生,70名,3000円(3・4年生）　4000円（5・6年生）,,,募集要項を各学校に配布,往復はがき（応募多数の場合は抽選）,2月上旬,3月上旬,大垣市教育委員会　社会教育スポーツ課,０５８４－８１－４１１１　（内線７５３）,※件名に、「○○（具体的な名称）少年少女発明クラブの件」とご記入下さい。,8:30～17:15,０５８４－８１－０７１５,,,,,,,
各務原市少年少女発明クラブ,かかみがはらし,http://kids.jiii.or.jp/modules/pico/index.php?content_id=129,岐阜県,各務原市,岐阜県各務原市下切町５－１,岐阜かかみがはら航空宇宙博物館,原則として毎月第２・第４土曜日,県内在住の小学４年生から小学６年生,５０人程度,"年会費　１０,０００円",http://www.city.kakamigahara.lg.jp/appeal/5693/028520.html,,,市内各小学校へ申込書を配布またホームページにも掲載,３月初旬,３月下旬,各務原市産業活力部商工振興課内少年少女発明クラブ事務局,０５８－３８３－９９１２,※件名に、「○○（具体的な名称）少年少女発明クラブの件」とご記入下さい。,8:30～17:15,０５８－３８９－０７６５,syoko＠city.kakamigahara.gifu.jp,,,,,,
岐阜市少年少女発明クラブ,ぎふし,http://kids.jiii.or.jp/modules/pico/index.php?content_id=128,岐阜県,本荘,岐阜県岐阜市,岐阜市科学館内,５月～２月の日曜日10回,小学5年生～中学1年生,"Ⅰ、Ⅱクラス（5，6年）合計７０名
　　　　OBクラス　３５名
　　　　プログラミングクラス　１２名",５０００円(保険料含む),https://www.city.gifu.lg.jp/8307.htm,,,往復はがき、もしくは電子メール,毎年４月上旬頃,毎年４月中旬頃,岐阜市少年少女発明クラブ（岐阜市科学館内）,(０５８)２７２－１３３３,※件名に、「○○（具体的な名称）少年少女発明クラブの件」とご記入下さい。,岐阜市科学館開館日時と同じ,(０５８)２７２－１３０３,gcsm＠quartz.ocn.ne.jp,,,,,,
多治見市少年少女発明クラブ,たじみし,http://kids.jiii.or.jp/modules/pico/index.php?content_id=131,岐阜県,多治見市,岐阜県多治見市美坂町,多治見市陶磁器意匠研究所,毎月第2土曜日,小学校4～6年生,30名（先着順）,"年間5,000円（材料費、保険料）",,,工作や実験に興味のあるお子さん,入会をご希望の方は、クラブ事務局（担当）までお電話にてお申し込みください,随時,定員（30名）に達し次第締切,多治見市少年少女発明クラブ事務局（多治見市産業観光課内）,０５７２－２２－１１１１（１３４３）,※件名に、「○○（具体的な名称）少年少女発明クラブの件」とご記入下さい。,月～金曜日　8:30～17:15,０５７２－２５－３４００,,,,,,,
瑞穂市少年少女発明クラブ,みずほし,http://kids.jiii.or.jp/modules/pico/index.php?content_id=132,岐阜県,瑞穂市,瑞穂市別府1295-3,瑞穂市総合センター4階　創作室,毎月　第2土曜日、第4日曜日（左記を原則とする、変更も有うる）,小学校3年生～6年生,25名,2000円（不足する場合は臨時に徴収することもある）,なし,,募集要項を各学校に頒布,募集要項に記入しＦａｘで申し込み（申しこみ順で採用）,毎年3月上旬,毎年3月中旬,(社)発明協会　創造性開発チーム,０３－３５０２－５４３４,※件名に、「○○（具体的な名称）少年少女発明クラブの件」とご記入下さい。,平日9:00～17:30、土日祝は不可。,０３－３５０２－３４８５,ｃｌｕｂ＠ｊｉｉｉ．ｏｒ．ｊｐ,,,,,,
河芸少年少女発明クラブ,かわげ,http://kids.jiii.or.jp/modules/pico/index.php?content_id=135,三重県,津市,三重県津市河芸町千里ヶ丘14,千里ヶ丘公民館,第1・第3土曜日（但し、必要に応じて第2・第4土曜日にも実施する。）,市内在住の小学4年生～6年生,18,,,,,,,,,,※件名に、「河芸町少年少女発明クラブの件」とご記入下さい。,,,wgkm5pv2＠za.ztv.ne.jp　※メール送信時は＠を半角小文字にしてください。,,,,,,
桑名市少年少女発明クラブ,くわなし,http://kids.jiii.or.jp/modules/pico/index.php?content_id=136,三重県,桑名市,三重県桑名市多度町古野110番地,子どもアイデア楽工　（旧多度西小学校）,5月～3月の指定する土曜日（8月は休講）,桑名市在住の小学校3年生～中学校3年生,24名,１０，０００円（材料費、保険代等）,,,,毎年3月の市広報にて募集案内。申込用紙を事務局へ提出ください。,3月の広報をご覧ください。,3月の広報をご覧ください。,桑名市少年少女発明クラブ事務局（桑名市産業振興部商工課）※少年少女発明クラブについての件とお問い合わせください。,０５９４－２４－１１９９,※件名に、「○○（具体的な名称）少年少女発明クラブの件」とご記入下さい。,月曜日～金曜日　8:30～17:15,０５９４－２４－１１４０,shokom＠city.kuwana.lg.jp　※送信の際は＠を半角小文字に変えてください。,,,,,,
鈴鹿少年少女発明クラブ,すずか,http://kids.jiii.or.jp/modules/pico/index.php?content_id=134,三重県,鈴鹿市,三重県鈴鹿市鈴鹿ハイツ1-20,鈴鹿地域職業訓練センター,,,40,,http://www.scci.or.jp/jyouho/hatumeiclubindex.html,,,,,,鈴鹿市産業振興部　産業政策課ものづくり産業支援センター,０５９－３８２－７０１１,※件名に、「○○（具体的な名称）少年少女発明クラブの件」とご記入下さい。,,,,,,,,,
津市少年少女発明クラブ,つし,http://kids.jiii.or.jp/modules/pico/index.php?content_id=133,三重県,津市,三重県津市寿町21-22,津市敬和公民館内,年間３０回（土曜日午後）,小学校３年生から中学生,24名,３５００円（傷害保険料含む）,,,ものを創り出すことに興味のある、発明をやってみたいお子さん,津市の広報,３月１５日,４月７日,津市敬和公民館,０５９－２２５－２３２５,※件名に、「○○（具体的な名称）少年少女発明クラブの件」とご記入下さい。,８：３０～１７：１５,０５９－２２５－２３２５,225-2325＠city.tsu.lg.jp,,,,,,
小矢部少年少女発明クラブ,おやべ,http://kids.jiii.or.jp/modules/pico/index.php?content_id=357,富山県,小矢部市,小矢部市鷲島10,小矢部市　クロスランドおやべ,原則として、第２・第４土曜日の午前,市内在住の小学４年生～６年生,20,"年会費2,000円",,,,,,,(財)クロスランドおやべ,０７６６－６８－０９３２,※件名に、「○○（具体的な名称）少年少女発明クラブの件」とご記入下さい。,,０７６６－６８－０９３２,ｃｒｏｓｓ＠ｃｉｔｙ．ｏｙａｂｅ．ｔｏｙａｍａ．ｊｐ,,,,,,
黒部少年少女発明クラブ,くろべ,http://kids.jiii.or.jp/modules/pico/index.php?content_id=140,富山県,黒部市,富山県黒部市吉田574-1,黒部市吉田科学館内,原則として第3日曜日,黒部市内の小学３年生～６年生,30名,年会費500円,http://kysm.or.jp/invention-2.html,,ものづくりに興味のあるお子さん,４月～５月頃に学校を通して募集案内配布。電話、もしくは直接黒部市吉田科学館で申し込み。先着順。,４月～５月頃,定員になり次第,黒部少年少女発明クラブ(黒部市吉田科学館内),0765-57-0610,※件名に、「○○（具体的な名称）少年少女発明クラブの件」とご記入下さい。,火～日　9:00～16:30,0765-57-0630,info2＠kysm.or.jp,,,,,,
小杉少年少女発明クラブ,こすぎ,http://kids.jiii.or.jp/modules/pico/index.php?content_id=141,富山県,射水市,富山県射水市戸破４１００,小杉小学校,,,,,,,,,,,,（０７６６）５５ー１０５５,※件名に、「○○（具体的な名称）少年少女発明クラブの件」とご記入下さい。,,（０７６６）５５ー１０５６,,,,,,,
砺波市少年少女発明クラブ,となみし,http://kids.jiii.or.jp/modules/pico/index.php?content_id=143,富山県,砺波市,富山県砺波市表町13-16,砺波図書館　3階視聴覚室,毎月2回程度（土曜日）午前9時45分～午前12時00分,砺波市内の小学4～6年生,２１人,"年額3,000円（材料費及び傷害保険料を含む。）",,一般的な工作用具は準備してあり、自由に使用できます。,新小学校4～6年生のみなさん、発明クラブの活動に参加しませんか！,毎年3月頃に各小学校を通して申込書をお配りします。必要事項を記入して、担任の先生に提出してください。（応募多数の場合は抽選となりますのでご了承ください。）,3月上旬,3月中旬,砺波市商工農林部商工観光課,０７６３－３３－１１１１（内線４０３）,※件名に、「○○（具体的な名称）少年少女発明クラブの件」とご記入下さい。,月～金 8：30～17：15（土日祝と年末年始は休みです）,０７６３－３３－６８５４,shoko@city.tonami.lg.jp,,,,,,
金沢市少年少女発明クラブ,かなざわし,http://kids.jiii.or.jp/modules/pico/index.php?content_id=144,石川県,金沢市,金沢市兼六元町7-15,金沢市立味噌蔵町小学校内,第1・第3土曜日（9:30～11:30）,金沢市内小学校の5・6年生,60,,http://www.kanazawa-city.ed.jp/org/hatsumei/,,,,,,金沢市立味噌蔵町小学校内　少年少女発明クラブ事務局,０７６－２３１－７２７９,※件名に、「○○（具体的な名称）少年少女発明クラブの件」とご記入下さい。,,０７６－２３２－０５１５,ｔｏ－ｔｏｍｉｚｕ＠ｋａｎａｚａｗａ－ｃｉｔｙ．ｅｄ．ｊｐ,,,,,,
小松市少年少女発明クラブ,こまつし,http://kids.jiii.or.jp/modules/pico/index.php?content_id=145,石川県,小松市,石川県小松市こまつの杜２番,サイエンスヒルズこまつ　ひととものづくり科学館,原則として第３土曜日の午前中,小松市内を中心とする希望小学4・5・6年生,40,"3,000円（ヒルズ年間パスポート代を含む）",http://science-hills-komatsu.jp,,,,,,サイエンスヒルズこまつ　ひととものづくり科学館,０７６１－２２－８６１０,※件名に、「小松市少年少女発明クラブの件」とご記入下さい。,9：30～18：00,０７６１－２３－８６８６,kagaku＠city.komatsu.lg.jp,,,,,,
羽咋市少年少女発明クラブ,はくいし,http://kids.jiii.or.jp/modules/pico/index.php?content_id=146,石川県,羽咋市,石川県羽咋市鶴多町免田25,,原則として第3土曜日の午後とする。,市内在住の各小学校3・4年生の児童生徒,20,,,,,,,,,０７６７－２２－９８８８,※件名に、「○○（具体的な名称）少年少女発明クラブの件」とご記入下さい。,,０７６７－２２－１９４７,ｃｏｓｍｏｉｓｌｅ＿ｌａｂｏ＠ｙａｈｏｏ．ｃｏ．ｊｐ,,,,,,
福井市少年少女発明クラブ,ふくいし,http://kids.jiii.or.jp/modules/pico/index.php?content_id=137,福井県,福井市,福井県福井市泉田町26-6-10,旧福井ルームインテリア,各月の第２土曜日と第４土曜日　夏休みには、特別活動を企画,小学3年生～中学3年生,30,,,,,,,,福井市少年少女発明クラブ事務局,0776-55-1195,※件名に、「○○（具体的な名称）少年少女発明クラブの件」とご記入下さい。,,0776-55-1197,,,,,,,
愛荘町少年少女発明クラブ,あいしょうちょう,http://kids.jiii.or.jp/modules/pico/index.php?content_id=151,滋賀県,愛知郡愛荘町,愛知郡愛荘町市731,愛荘町立福祉センター「愛の郷」内,毎月第3土曜日（月によって変更あり）,愛荘町内在住の小学4年生～6年生,30,,,,,,,,愛荘町立福祉センター「愛の郷」内　少年少女発明クラブ事務局,０７４９－４２－７１７０,※件名に、「○○（具体的な名称）少年少女発明クラブの件」とご記入下さい。,,０７４９－４２－７１７８,,,,,,,
永源寺少年少女発明クラブ,えいげんじ,http://kids.jiii.or.jp/modules/pico/index.php?content_id=150,滋賀県,東近江市,東近江市山上町1316,永源寺コミュニティセンター,原則として毎月第３土曜日,小学生、中学生,30人,"年間費2,000円",,,,事務局に直接連絡して下さい。,随時,無,永源寺コミュニティセンター内,０７４８－２７－１０６０,※件名に、「○○（具体的な名称）少年少女発明クラブの件」とご記入下さい。,9：00-17：00（平日のみ）,０７４８－２７－１９７４,,,,,,,
大津少年少女発明クラブ,おおつ,http://kids.jiii.or.jp/modules/pico/index.php?content_id=147,滋賀県,大津市,滋賀県大津市本丸町６－５０,大津市科学館,5月から12月までの間で、各クラス月1回程度,大津市内及び近隣の市の小学校3年生～中学生まで,初級1(30名)　初級2(30名) 中級1(30名) 中級2(若干名),"会費（保険・一部材料費）3,000円",http://www.otsu.ed.jp/kagaku/05_event/hatumei.html,詳しくはホームページをご覧ください。,,往復はがき,詳しくはホームページをご覧ください。,詳しくはホームページをご覧ください。,大津市科学館,０７７－５２２－１９０７,※件名に、「○○（具体的な名称）少年少女発明クラブの件」とご記入下さい。,AM9:00～PM5:00,０７７－５２２－２２９７,ｋａｇａｋｕ＠ｏｔｓｕ．ｅｄ．ｊｐ（すべて小文字で）,,,,,,
多賀町少年少女発明クラブ,たがちょう,http://kids.jiii.or.jp/modules/pico/index.php?content_id=149,滋賀県,犬上郡多賀町,滋賀県犬上郡多賀町久徳１６０－１,多賀町中央公民館 工作室,学校休日（土）の午後,多賀町在住の小学校３年生～中学校３年生,20名,３０００円,,,科学の実験や工作などに興味のあるお子さん,申し込み用紙に記入のうえＦＡＸか持参,４月２６日,５月１０日,多賀町教育委員会　生涯学習課,０７４９－４８－１８００,※件名に、「○○（具体的な名称）少年少女発明クラブの件」とご記入下さい。,８：３０～１７：１５,０７４９－４８－２３６３,s-ed＠town.taga.lg.jp,,,,,,
栗東市少年少女発明クラブ,りっとうし,http://kids.jiii.or.jp/modules/pico/index.php?content_id=371,滋賀県,栗東市,〒520-3004　滋賀県栗東市上砥山２３２,滋賀県工業技術総合センター別館１階　ほか,原則として毎月第３土曜日（４月～翌年３月）,市内在住の小学4年生～6年生、中学校生徒,20名程度,"年会費　15,000円程度",http://www.jiii-shiga.jp/club/,,,,,,〒520-3004　滋賀県栗東市上砥山２３２　滋賀県工業技術総合センター別館１階　一般社団法人滋賀県発明協会,０７７－５５８－４０４０,※件名に、「○○（具体的な名称）少年少女発明クラブの件」とご記入下さい。,,０７７－５５８－３８８７,info＠jiii-shiga.jp　※送信の際は＠を小文字に変えてください,,,,,,
長岡京市少年少女発明クラブ,ながおかきょうし,http://kids.jiii.or.jp/modules/pico/index.php?content_id=153,京都府,長岡京市,長岡京市長岡２－３－１,長岡京市立長岡第六小学校,5月～3月までの土曜日（全12回）,長岡京市在住の小学4年生～6年生,25名,"参加費6,000円",,,,毎年4月上旬にその年度に活動するクラブ員を募集しています。,,,長岡京市立中央公民館,０７５－９５１－１２７８,※件名に、「○○（具体的な名称）少年少女発明クラブの件」とご記入下さい。,平日9:00～19:00（月曜休館）,０７５－９５５－４７７４,,,,,,,
大阪市生野少年少女発明クラブ,おおさかしいくの,http://kids.jiii.or.jp/modules/pico/index.php?content_id=370,大阪府,大阪市生野区,〒544-0033 大阪府大阪市生野区勝山北３丁目１３−３０,大阪市立生野区民センター,原則として毎月１回　日曜日の午前,市内在住の小学4年生～中学2年生,20名,"年会費　6,000円",,,,,,,,,※件名に、「○○（具体的な名称）少年少女発明クラブの件」とご記入下さい。,,,,,,,,,
大阪市日本橋少年少女発明クラブ,おおさかしにっぽんばし,http://kids.jiii.or.jp/modules/pico/index.php?content_id=157,大阪府,大阪市浪速区,大阪市浪速区日本橋,日本橋筋商店街振興組合会議室,不定期　原則土日曜日　月３回,不問,不問（原則30名）,５００円/月（発明ロボット塾は教材費実費）,http://www.denden-town.or.jp,,いっしょに発明しよう,下記 FAX）で「発明クラブ入部希望」として〒、住所、氏名、学年、連絡先記入,随時,随時,,０６－６６４１－６１１１,※件名に、「○○（具体的な名称）少年少女発明クラブの件」とご記入下さい。,AM10:00～PM6:00,０６－６６４６－１０３０,,,,,,,
大阪市森之宮少年少女発明クラブ,おおさかしもりのみや,http://kids.jiii.or.jp/modules/pico/index.php?content_id=156,大阪府,大阪市東成区中道1-3-62,大阪市東成区中道２－９－２０,大阪市立北中道小学校,毎月第3土曜日、13:00～16:00,小学校4年生～小学校6年生,１８名,"6,000円/年（材料費、通信費、保険）",http://www.shizen-daigaku.jp/web_users/hatumeiclab/index.html,,,ホームページ参照,１月,２月末,ホームページ参照,,,,,,,,,,,
交野市少年少女発明クラブ,かたのし,http://kids.jiii.or.jp/modules/pico/index.php?content_id=154,大阪府,交野市,交野市私市9-4-8,星の里いわふね天体研修センター,第2・4土曜日の午前9時30分～正午（長期休業中は別途計画）,市内在住の小学4年生～中学3年生,30,,http://www.city.katano.osaka.jp/kakka/ikusei/kidsarenahatumei.html,,,,,,交野市教育委員会　生涯学習推進部　青少年育成課内　少年少女発明クラブ事務局,０７２－８９２－７７２１,※件名に、「○○（具体的な名称）少年少女発明クラブの件」とご記入下さい。,,０７２－８９２－１７００,ｉｋｕｓｅｉ＠ｃｉｔｙ．ｋａｔａｎｏ．ｏｓａｋａ．ｊｐ,,,,,,
東大阪市少年少女発明クラブ,ひがしおおさかし,http://kids.jiii.or.jp/modules/pico/index.php?content_id=155,大阪府,東大阪市,大阪府東大阪市高井田中1-5-3,東大阪市立産業技術支援センター内,学校休日の第2・第4土曜日　午後1:00～4:00,小学校5年生～中学校2年生,30名,"年会費5,000円",http://www.techsupport.jp/112.php,,,上記ホームページをご覧下さい,,,東大阪市少年少女発明クラブ（東大阪市立産業技術支援センター内）,０６－６７８５－３３２５,※件名に、「東大阪市少年少女発明クラブの件」とご記入下さい。,月曜日～金曜日　　9:00～17:00,０６－６７８５－３３６３,sangi＠techsupport.jp　（＠は半角で入力して下さい）,,,,,,
淡路少年少女発明クラブ,あわじ,http://kids.jiii.or.jp/modules/pico/index.php?content_id=159,兵庫県,淡路市,淡路市志筑3117-1,淡路市立中央公民館（しづのおだまき館）,概ね月2回（土曜日）,淡路市市内の小学校3年生～6年生,30名,5000円（年会費）,http://www.abgic.com/,,,,,,淡路市立中央公民館,０７９９－６２－０１５７,※件名に、「○○（具体的な名称）少年少女発明クラブの件」とご記入下さい。,8：30～17：00,０７９９－６２－６８４４,,,,,,,
伊丹市少年少女発明クラブ,いたみし,http://kids.jiii.or.jp/modules/pico/index.php?content_id=160,兵庫県,伊丹市,伊丹市桑津3-1-36,伊丹市立こども文化科学館,主に土曜日,市内在住の小学3年生～中学3年生,44,,http://business4.plala.or.jp/kodomo/kouza.html,,,,,,伊丹市立こども文化科学館内　少年少女発明クラブ事務局,０７２－７８４－１２２２,※件名に、「○○（具体的な名称）少年少女発明クラブの件」とご記入下さい。,,０７２－７７２－０７７８,,,,,,,
神戸市少年少女発明クラブ,こうべし,http://kids.jiii.or.jp/modules/pico/index.php?content_id=158,兵庫県,神戸市,兵庫県神戸市中央区港島中町7-7-6,バンドー神戸青少年科学館,毎月原則第3日曜日 全11回,小学4年生～中学生,32人,6000円（年会費）,http://kobe-kagakukan.com/club/boys_girls_club/,,,往復はがきでのお申し込み,3月下旬～4月,4月末,バンドー神戸青少年科学館,０７８－３０２－５１７７,※件名に、「○○（具体的な名称）少年少女発明クラブの件」とご記入下さい。,10:00～16:00,０７８－３０２－４８１６,,,,,,,
姫路少年少女発明クラブ,ひめじ,http://kids.jiii.or.jp/modules/pico/index.php?content_id=161,兵庫県,姫路市,兵庫県姫路市青山1470-15,姫路科学館,年間10回程度,市内および近郊在住の小学生,20,,,,,,,,はりま科学工作クラブ事務局内　少年少女発明クラブ事務局,０９０－１１３０－１７６８,※件名に、「姫路少年少女発明クラブの件」とご記入下さい。,,,ctnaka＠nike.eonet.ne.jp　※送信の際は＠を半角小文字に変えてください。,,,,,,
高取町少年少女発明クラブ,たかとりちょう,http://kids.jiii.or.jp/modules/pico/index.php?content_id=163,奈良県,高市郡高取町,奈良県高市郡高取町観覚寺1023,高取町リベルテホール,毎月　第2・第4土曜日　13:00～15:00（5月～2月）,町内在住の小学校4年生～6年生,20名,"年会費　2,000円",http://www.mahoroba.ne.jp/~nakamoto/hatsumei/hatsumei.htm,,,,,,高取町教育委員会事務局　生涯学習グループ,０７４４－５２－３７１５,※件名に、「○○（具体的な名称）少年少女発明クラブの件」とご記入下さい。,8:30～17:15,０７４４－５２－２８７７,,,,,,,
奈良市少年少女発明クラブ,ならし,http://kids.jiii.or.jp/modules/pico/index.php?content_id=167,奈良県,奈良市,〒630-8122　奈良県奈良市三条本町13-1,"奈良市はぐくみセンター　
7階PC室・9階ものづくり工作室・キッズサイエンスラボ",主に第2第4土曜日の午前中・日曜日の午前中,奈良市内に在住の小学生（コースごとに学年を設定）,コースごとに参加人数を設定,コースごとに設定（主に材料費等を徴収している）,,,"１　工作教室（本科）コース■■■■■■
（１）対象学年　小学校５・６年
（２）活動内容　年間9回（各日午前9：30-11：30）
　　　開講式(5/13)木工工作(２回)、アイデア工作(２回)、電子工作(3回)、閉講式(2/10) 
　　　活動予定日：5/13、6/10、7/8、9/9、10/7、11/11、12/9、1/13、2/10
（３）参加費用　　年間7000円

２　工作教室(基礎)コース■■■■■■
（１）対象学年　小学校３・４年
（２）活動内容　年間8回（各日午前9：30-11：30）
　　　開講式(5/14)木工工作(２回)、アイデア工作(２回)、閉講式(2/10) 
　　　活動予定日：5/13、6/24、7/22、9/10、10/14、11/25、12/23、2/10
（３）参加費用　　年間5000円



３　発明くふう展コース■■■■■■
　　　　※作品は、「全国学生児童発明くふう展」に出品します。
　（１）対象学年　小学校５・６年
　（２）活動内容　年間３回
　　　　活動予定日：8/3、8/4、8/5
　（３）参加費用　　年間500円


４　未来の科学の夢絵画展コース■■■■■■
　　　　※作品は「未来の科学の夢絵画展」に出品します。
　（１）対象学年　小学校１～６年
　（２）活動内容　年間4回
　　　　活動予定日：8/1、8/2、8/3、8/4
（３）参加費用　　年間500円

５　チャレンジ創造コンテストコース（開催予定：現状は開催未定）■■■■■■
　　　　※全国少年少女チャレンジ創造コンテストへの出場をめざします。
　（１）対象学年　小学校５・６年、中学生
　（２）活動内容　年間5回【3名グループでの参加になります。】

　　　　活動予定日：未定
　（３）参加費用　　年間1000円
　　　　※代表者のみ申し込んでください。本年度の開催は未定です。","１　以下のメールアドレスに、件名「発明クラブ申込み」として空メールを送付してください。
折り返し、申込みフォームのリンクをお送りします。
　　　申込みメールアドレス　　n_ueda@sta.tenri-u.ac.jp
　２　申込みフォームから、必要事項を入力回答してください。",令和5（2023）年３月6日（月）　ただし、新1年生については、4月1日以降,"令和5（2023）年4月20日（月）　
※　新型コロナウイルス感染症の感染状況によっては、活動予定の変更・中止もあります。
※　定員は、新型コロナウイルス感染症の感染状況によって変更する可能性があります
　　が、現在のところ各コース２０名程度を予定しています。なお、応募多数の場合は
　　抽選で決定し、4月末日をめどに当選者に連絡します。
※　本件に関するお問い合わせは、n_ueda@sta.tenri-u.ac.jp まで、メールにてお願いします。

詳しいスケジュールは、発明クラブ年間計画をみてください。

こちらからダウンロードできます。

募集チラシは、

こちらからダウンロードできます。",奈良市教育センター　教育支援・相談課内,０７４２－３６－０４０１（塩津）,※件名に、「奈良市少年少女発明クラブの件」とご記入下さい。,,,n_ueda＠sta.tenri-u.ac.jp　※＠を半角小文字に変えて送信してください。,,,,,,
大和郡山市少年少女発明クラブ,やまとこおりやま,http://kids.jiii.or.jp/modules/pico/index.php?content_id=162,奈良県,大和郡山市,大和郡山市南郡山町,中央公民館（三の丸会館）,主に土曜日の午前中,市内在住の小学校4年生～小学校6年生,20名,4800円（受講料1300円、材料費3500円）,,,市内在住の小学校4年生～小学校6年生,往復はがきか窓口にて（詳しくは事務局までお問い合わせください）,4月上旬,4月下旬,大和郡山市教育委員会　生涯学習課内,０７４３－５３－１１５１（内線７３２）,※件名に、「○○（具体的な名称）少年少女発明クラブの件」とご記入下さい。,月曜日～金曜日　8:30～17:15,０７４３－５２－３２１１,,,,,,,
有田市少年少女発明クラブ,ありたし,http://kids.jiii.or.jp/modules/pico/index.php?content_id=164,和歌山県,有田市,有田市箕島79番地,有田市立箕島中学校特別教室木工室,毎月第2・第4日曜日,市内在住の小学2年生～中学3年生,100,,,,,,,,紀州有田商工会議所内　少年少女発明クラブ事務局,０７３７－８３－４７７７,※件名に、「○○（具体的な名称）少年少女発明クラブの件」とご記入下さい。,,０７３７－８３－４７８２,,,,,,,
有田川町少年少女発明クラブ,ありだがわちょう,http://kids.jiii.or.jp/modules/pico/index.php?content_id=360,和歌山県,有田郡有田川町,有田川町下津野1241-3,有田川町立吉備中学校（美術室および技術室）,原則として土曜日の午前および日曜日の午前、午後,町内在住の小学4年生～6年生,25,,,,,,,,有田川町教育委員会社会教育課内　少年少女発明クラブ事務局,０７３７－５２－２１１１（代）,※件名に、「○○（具体的な名称）少年少女発明クラブの件」とご記入下さい。,,０７３７－３２－４８２７,,,,,,,
岩出市少年少女発明クラブ,いわでし,http://kids.jiii.or.jp/modules/pico/index.php?content_id=381,和歌山県,岩出市,和歌山県岩出市根来２３０６－１,岩出市民俗資料館,原則、土曜日の午前中,市内在住の小学４年生～６年生,３０名,,,,少年少女発明クラブ員募集,申込書を提出,,,岩出市教育委員会生涯学習課,０７３６－６２－２１４１,※件名に、「○○（具体的な名称）少年少女発明クラブの件」とご記入下さい。,,０７３６－６２－４５９０,s-gakusyu＠city.iwade.lg.jp,,,,,,
海南市少年少女発明クラブ,かいなんし,http://kids.jiii.or.jp/modules/pico/index.php?content_id=165,和歌山県,海南市,海南市大野中995-2,海南市わんぱく公園　創作工房,毎月第1・第3土曜日,市内在住の小学校3年生～中学校2年生,30名,"4,800円/年（材料費・保険料込み）",,,,電話で申し込み,3月1日から,3月31日まで,海南市役所産業振興課,０７３－４８３－８４６０,※件名に、「○○（具体的な名称）少年少女発明クラブの件」とご記入下さい。,8:30～17:15,０７３－４８３－８４６６,,,,,,,
紀の川市少年少女発明クラブ,きのかわし,http://kids.jiii.or.jp/modules/pico/index.php?content_id=358,和歌山県,紀の川市,紀の川市西大井363番地,紀の川市打田生涯学習センター（活動内容により変更）,原則、毎月第３土曜日の午前中,市内在住の小学４年生～６年生,３０人,,,,,申込書を提出,３月上旬,３月中旬～下旬,紀の川市教育委員会生涯学習課,０７３６－７９－３９０７,※件名に、「○○（具体的な名称）少年少女発明クラブの件」とご記入下さい。,午前９時～午後５時（土日祝、年末年始除く）,０７３６－７７－０９１７,k150400-001＠city.kinokawa.lg.jp,,,,,,
御坊市少年少女発明クラブ,ごぼうし,http://kids.jiii.or.jp/modules/pico/index.php?content_id=352,和歌山県,御坊市,和歌山県御坊市薗76,御坊市勤労青少年ホーム,第2土曜日　午前9時30分～12時,御坊市内在住の小学4年生～小学6年生（募集は次年度新4年生を対象とし、原則3年間継続して活動に参加すること）,各学年15名、全体45名,"年会費5,000円（材料費・安全保険料込）",,地方紙（日高新報、紀州新聞に毎回活動後記事掲載）,,所定の参加申込書を事務局まで提出（郵送又はFAXも可）、定員を超えれば抽選,1月下旬頃,2月上旬頃,御坊市教育委員会生涯学習課内　御坊市少年少女発明クラブ事務局,０７３８－２３－５５２５,※件名に、「御坊市少年少女発明クラブの件」とご記入下さい。,平日　午前8時30分～午後5時15分,０７３８－２４－０５２８,ｋｙｏｉｓｈａｋｙｏ＠ｃｉｔｙ．ｇｏｂｏ．ｌｇ．ｊｐ,,,,,,
新宮市少年少女発明クラブ,しんぐうし,http://kids.jiii.or.jp/modules/pico/index.php?content_id=377,和歌山県,新宮市,新宮市浮島1-10,新宮市浮島隣保館・児童館,原則として、月１回（土曜日または日曜日）,市内在住または市内小学校在校の小学４年生～６年生,２０人,年会費　５，０００円,,,,「広報新宮」に掲載,,,新宮市教育委員会生涯学習課,０７３５－２２－４６１９,※件名に、「○○（具体的な名称）少年少女発明クラブの件」とご記入下さい。,,０７３５－２２－４６１９,,,,,,,
田辺市少年少女発明クラブ,たなべし,http://kids.jiii.or.jp/modules/pico/index.php?content_id=369,和歌山県,田辺市,〒646-0028 和歌山県田辺市高雄1-23-1田辺市民総合センター,市内の公民館や学校のほか、近隣市町村の教育施設など,原則として日曜日の午前（一部を除く）,市内在住の小学4年生～6年生,30名（年度毎に募集者の中から抽選で決定）,"年会費　5,000円",,,"工作や実験、野外での自然観察など様々な講座を開催します。
           5月から毎月1回（9月を除く）、年に合計10回開催します。",下記事務局に直接又はお電話でお申し込みください。,毎年2月下旬,毎年3月下旬,〒646-0028　和歌山県田辺市高雄1-23-1　田辺市教育委員会生涯学習課,０７３９－２６－４９０８,※件名に、「田辺市少年少女発明クラブの件」とご記入下さい。,8:30～17:15,０７３９－２５－６０２９,shougai@city.tanabe.lg.jp,,,,,,
橋本市少年少女発明クラブ,はしもとし,http://kids.jiii.or.jp/modules/pico/index.php?content_id=366,和歌山県,橋本市,和歌山県橋本市市脇1-3-18,㈶橋本商工会館　5階会議室,原則として土曜日の午後とする,内在住の小学４年生～小学６年生,３０名,5000円の年会費制とする（初年度のみ3000円とする）,,,,橋本市教育委員会を通じ、各小学校へ募集依頼する。,,,㈶橋本商工会議所,０７３６－３２－０００４,※件名に、「○○（具体的な名称）少年少女発明クラブの件」とご記入下さい。,,０７３６－３３－３３２６,,,,,,,
和歌山市少年少女発明クラブ,わかやまし,http://kids.jiii.or.jp/modules/pico/index.php?content_id=166,和歌山県,和歌山市,和歌山県和歌山市寄合町１９番地,和歌山市立こども科学館,第2・4土曜日の午前・午後,市内在住の小学3年生～中学3年生,64名（32名×2組）,"年会費3,000円",なし,,こども科学館へお問い合わせください,,,,和歌山市少年少女発明クラブ（こども科学館内）,０７３－４３２－０００２,※件名に、「○○（具体的な名称）少年少女発明クラブの件」とご記入下さい。,8:30～17:15,０７３－４３２－０００４,,,,,,,
鳥取市少年少女発明クラブ,とっとりし,http://kids.jiii.or.jp/modules/pico/index.php?content_id=168,鳥取県,鳥取市,〒680-0841　鳥取市鳥取市吉方温泉3-701,FabLabとっとり（鳥取市文化センター内）,"原則　第
２水曜日　１５時３０分～１７時",特にありません,10名以内,4月～9月（前期）500円、10月～3月（後期）500円,http://www.cjrd.tottori-u.ac.jp/monodukuri/index.html,,,4月に募集、9月に募集、チラシ配布,,,鳥取大学　産学・地域連携推進機構　社会貢献課　ものづくり協力会議,０８５７－３１－６７７７,※件名に、「少年少女発明クラブの件」とご記入下さい。,,０８５７－５２－６６７４,monodukuri＠cjrd.tottori-u.ac.jp　※送信時は＠を半角小文字にしてください,,,,,,
出雲少年少女発明クラブ,いずも,http://kids.jiii.or.jp/modules/pico/index.php?content_id=170,島根県,出雲市,出雲市今市町1900-2,出雲科学館,毎月第3・第4土曜日,小学4年生～中学3年生,36,,http://www.izumo.ed.jp/kagaku/classroom/club.html,,,,,,出雲科学館内　少年少女発明クラブ事務局,０８５３－２５－１５００,※件名に、「○○（具体的な名称）少年少女発明クラブの件」とご記入下さい。,,０８５３－２４－８３８３,,,,,,,
大社町少年少女発明クラブ,たいしゃちょう,http://kids.jiii.or.jp/modules/pico/index.php?content_id=171,島根県,出雲市,島根県出雲市大社町杵築東307,志成館　大社町こども科学館,土曜日,町内在住の小学校3年生～中学校3年生,30,,http://www.taisha.jaycee.or.jp/index.html,,,,,,出雲商工会館２階内　少年少女発明クラブ事務局,０８５３－５３－５５９７,※件名に、「○○（具体的な名称）少年少女発明クラブの件」とご記入下さい。,,０８５３－５３－５５９８,ｉｎｆｏ＠ｔａｉｓｈａ．ｊａｙｃｅｅ．ｏｒ．ｊｐ,,,,,,
日原少年少女発明クラブ,にちはら,http://kids.jiii.or.jp/modules/pico/index.php?content_id=172,島根県,鹿足郡津和野町,島根県鹿足郡津和野町森村ﾛ104　津和野小学校　わくわく広場、島根県鹿足郡津和野町日原235番地 　日原小学校　ひまわりクラブ,,月１回　月曜日　放課後（１５時から１７時）,児童クラブ参加者,,,,,,,,,日原山村開発センター,０８５６－７４－０３０２,※件名に、「○○（具体的な名称）少年少女発明クラブの件」とご記入下さい。,,０８５６－７４－０１２７,tukiusag＠gmail.com,,,,,,
松江少年少女発明クラブ,まつえ,http://kids.jiii.or.jp/modules/pico/index.php?content_id=368,島根県,松江市,①松江市東出雲町揖屋2797-3　②松江市東朝日町267,①エステック株式会社　②独立行政法人高齢・障害・求職者雇用支援機構　島根県職業訓練支援センター,土曜日午後、日曜日の午前、午後,市内在住の小学4年生～中学3年生,15名,"年会費　3,000円","（ホームページ）　　http://www.k4.dion.ne.jp/~kiseki/science/　
（ブログ）http://matuescience.wordpress.com/",,,,,,,,,,,,,,,,,
岡山市少年少女発明クラブ,おかやまし,http://kids.jiii.or.jp/modules/pico/index.php?content_id=175,岡山県,岡山市,岡山県岡山市北区伊島町３丁目１－１,岡山県生涯学習センター,基本的に毎月第2・第4土曜日　10:00～12:00,小学校4年生～6年生,３５名程度,"年1,000円",http://www.t-ueda.jp/hatsumei/,,クラブで物づくりをしてみたい人　詳しくはホームページを参照下さい,封書で,,,岡山市北区大安寺西町4-3,０８６－２５２－６３７０,※件名に、「○○（具体的な名称）少年少女発明クラブの件」とご記入下さい。,全日,０８６－２５２－６３７０,,,,,,,
玉野市少年少女発明クラブ,たまのし,http://kids.jiii.or.jp/modules/pico/index.php?content_id=173,岡山県,玉野市,玉野市玉原2-22-2,玉野市立玉原幼稚園,毎週土曜日13:30～16:30（但し祝日を除く）11月～3月は13:00～16:00,市内在住の小学4年～中学3年,40名,,,,,小中学校へのチラシ配布,毎年2月上旬,毎年2月下旬,玉野市生涯学習センター内　少年少女発明クラブ事務局,０８６３－８３－９２００,※件名に、「○○（具体的な名称）少年少女発明クラブの件」とご記入下さい。,8:30～17:15,０８６３－８３－９１０１,ｍｉｎｅｒｖａ＠ｃｉｔｙ．ｔａｍａｎｏ．ｏｋａｙａｍａ．ｊｐ,,,,,,
津山市少年少女発明クラブ,つやまし,,岡山県,津山市,,,,,,,,,,,,,,,,,,,,,,,,
呉市少年少女発明クラブ,くれし,http://kids.jiii.or.jp/modules/pico/index.php?content_id=177,広島県,呉市,広島県呉市宝町5-20,呉市海事歴史科学館（大和ミュージアム）,月3回土曜日午前,小学校4年生～中学校3年生,30名,"年会費　3,000円",,,,Eメール，郵便，FAX等,２月に新年度生募集（予定）。（※一年を通して，随時入会のご相談に応じます。）,３月に新年度参加クラブ員決定。（予定）,呉市少年少女発明クラブ（大和ミュージアム内）,０８２３－２５－３０４７,※件名に、「○○（具体的な名称）少年少女発明クラブの件」とご記入下さい。,8:30～17:15,０８２３－２５－３９８２,kaizi＠city.kure.lg.jp,,,,,,
東広島市少年少女発明クラブ,ひがしひろしまし,http://kids.jiii.or.jp/modules/pico/index.php?content_id=178,広島県,東広島市,東広島市西条栄町７番４８号,東広島市中央生涯学習センター,第2・第4土曜日（原則）　9：00～12：00　特別活動については別に定めます,小学校4年生～中学校3年生,40名程度（応募多数の場合は抽選となります）,"年会費：3,000円（材料費、傷害保険料など）",,,科学や発明、工作に関心のある小中学生のみなさん,前年度の１月中旬頃から、市内小中学校、市広報誌を通じて募集を行います。詳細につきましては事務局へお問合せ下さい。,前年度の１月中旬頃,前年度の２月下旬頃,東広島市産業振興課内,０８２－４２０－０９２１,※件名に、「○○（具体的な名称）少年少女発明クラブの件」とご記入下さい。,月曜日～金曜日　8：30～17：15,０８２－４２２－５８０５,,,,,,,
広島少年少女発明クラブ,ひろしま,http://kids.jiii.or.jp/modules/pico/index.php?content_id=176,広島県,広島市中区,広島市中区基町５－８３,広島市こども文化科学館,土曜日の午前・午後、及び日曜日（年21回）　夏季休暇中は特別スケジュール,小学校4年生～中学校3年生,基礎コース32名、完成コース32名,年会費5000円,http://www.pyonta.city.hiroshima.jp/,,学校や家庭をはなれて、違う学年の仲間たちと物を作り上げる喜びを味わいましょう！,往復はがきで（詳細は広島市こども文化科学館ＨＰなどで確認してください）応募者多数の場合は抽選。,3月（詳細はお問合せください）,4月（詳細はお問合せください）,広島少年少女発明クラブ（広島市こども文化科学館内）,０８２－２２２－５３４６,※件名に、「○○（具体的な名称）少年少女発明クラブの件」とご記入下さい。,火曜日～日曜日　9:00～17:00,０８２－５０２－２１１８,,,,,,,
福山少年少女発明クラブ,ふくやま,http://kids.jiii.or.jp/modules/pico/index.php?content_id=179,広島県,福山市,広島県福山市,ポリテクカレッジ福山,毎月第2・第4土曜日　14：00～16：00,小学校4年生～中学校3年生,30名,"年会費5,000円",,途中入会不可,,福山商工会議所のHP(http://www.fukuyama.or.jp/)に掲載。　往復はがきで申し込んでください。,毎年3月中旬,先着順,福山少年少女発明クラブ事務局（福山商工会議所　産業課）,０８４－９２１－２３４９,※件名に、「○○（具体的な名称）少年少女発明クラブの件」とご記入下さい。,月曜日～金曜日、8：30～12：00、13：00～17：30,０８４－９２２－０１００,,,,,,,
宇部市少年少女発明クラブ,うべし,http://kids.jiii.or.jp/modules/pico/index.php?content_id=185,山口県,宇部市,〒755-0026宇部市松山町一丁目１２番１号,宇部市勤労青少年会館　3F　科学講座室,原則として毎月第2、第4土曜日,宇部市および近郊の市町村の小学校4～6年生,30名,5000円／人・年,,,公報うべ4月1日号で募集,上記の募集要項に従い、はがきＦＡＸ、Ｅ-Ｍａｉｌで申し込み,4月1日～15日,定員になり次第、締切,"〒755-0029宇部市新天町１丁目２－３９　まちづくりプラザ２Ｆ
市民活動センター内",０８３６－３６－９５５５,※件名に、「○○（具体的な名称）少年少女発明クラブの件」とご記入下さい。,10:00～17:00,０８３６－３９－２２７２,ｍａｉｌ＠ｕｂｅｎｅｔ．ｃｏｍ,,,,,,
下関市少年少女発明クラブ,しものせきし,http://kids.jiii.or.jp/modules/pico/index.php?content_id=182,山口県,下関市,下関市伊倉町2-1-1,下関市立川中公民館,第2・第4土曜日10時～12時,市内及び近郊在住の小学4年生～小学6年生,50名,年会費4000円、保険料800円,,,,事務局までお問い合わせ下さい。,2月初旬,,下関市教育委員会 学校教育課教育研修室内　少年少女発明クラブ事務局,０９０－５３７１－０６８０,※件名に、「○○（具体的な名称）少年少女発明クラブの件」とご記入下さい。,,０８３－２３２－８４２７,shimoclub751＠gmail.com　（メール送信の際は＠を半角にしてください）,,,,,,
周南少年少女発明クラブ,しゅうなん,http://kids.jiii.or.jp/modules/pico/index.php?content_id=186,山口県,周南市,周南市徳山5673,周南市立岐山小学校　C棟3階,毎月第2、第4土曜日（原則）,周南市および近郊在住の小学4～6年生,20名,6000円（材料費及び傷害保険料）,http://www.aysa.jp/hatsumei/index.html,,,市内各小学校の該当児童に募集案内を配布,毎年4月中旬,4月下旬,"山口県アクティブシニア協会内　
少年少女発明クラブ事務局",0834-32-8409,※件名に、「○○（具体的な名称）少年少女発明クラブの件」とご記入下さい。,平日9時30分～15時30分,0834-34-8940,ｈａｔｓｕｍｅｉ－ｉｎｆｏ＠ａｙｓａ．ｊｐ,,,,,,
田布施町少年少女発明クラブ,たぶせちょう,http://kids.jiii.or.jp/modules/pico/index.php?content_id=183,山口県,熊毛郡田布施町,山口県熊毛郡田布施町,田布施町立田布施西小学校体験活動室,第2・第4土曜日,田布施町内の小学校3年生～6年生,30名,,なし,,,,,,田布施町教育委員会社会教育課,０８２０－５２－５８１３,※件名に、「○○（具体的な名称）少年少女発明クラブの件」とご記入下さい。,月曜日から金曜日　9:00～17:00,０８２０－５２－４９０４,,,,,,,
防府市少年少女発明クラブ,ほうふし,http://kids.jiii.or.jp/modules/pico/index.php?content_id=184,山口県,防府市,防府市寿町６－４１,防府市青少年科学館　ソラール,"毎月第2,4土曜日",小学校4年生～中学校3年生,40,,http://www.solar-hofu.sakura.ne.jp/,,,,,,防府市青少年科学館　ソラール内　少年少女発明クラブ事務局,０８３５－２６－５０５０,※件名に、「○○（具体的な名称）少年少女発明クラブの件」とご記入下さい。,,０８３５－２３－６８５５,ｓｏｌａｒ＠ｓｏｌｅｉｌ．ｏｃｎ．ｎｅ．ｊｐ,,,,,,
柳井市少年少女発明クラブ,やないし,http://kids.jiii.or.jp/modules/pico/index.php?content_id=180,山口県,柳井市,柳井市柳井3680-4,柳井市理科研修所,毎月第2・4土曜日（原則）,市内在住の小学3年生～6年生,54名,"年会費3,000円（傷害保険料1,000円を含む）",http://www.city-yanai.jp/siyakusyo/syougaigakusyu/hatumei/hatumeitop.html,,,市内各小学校の該当学年児童・保護者に募集案内を配布,毎年２月中旬,毎年３月上旬,柳井市教育委員　会生涯学習・スポーツ推進課,０８２０－２２－２１１１　内線３３１,※件名に、「○○（具体的な名称）少年少女発明クラブの件」とご記入下さい。,８：３０～１７：１５,０８２０－２３－７４７４,syogaigakushu＠city.yanai.lg.jp,,,,,,
山口市少年少女発明クラブ,やまぐちし,http://kids.jiii.or.jp/modules/pico/index.php?content_id=181,山口県,山口市,山口県山口市維新公園4-5-1,山口県児童センター,月2回の土曜日,市内及び近郊在住の小学3年生～小学6年生,30,,http://jigyodan-yg.jp/jidou-center/,,,,,,山口県児童センター内　少年少女発明クラブ事務局,０８３－９２３－４６３３,※件名に、「○○（具体的な名称）少年少女発明クラブの件」とご記入下さい。,,０８３－９２３－４６３５,ｙａｍａｊｉ－ｃｅｎ＠ａｃ．ａｕｏｎｅ－ｎｅｔ．ｊｐ,,,,,,
阿南市少年少女発明クラブ,あなんし,http://kids.jiii.or.jp/modules/pico/index.php?content_id=187,徳島県,阿南市,徳島県阿南市那賀川町上福井南川渕8-1,阿南市科学センター,原則、毎月第３土曜日,阿南市内在住の小学4年生～中学生,40名（先着順）,"年会費2,000円",,,,阿南市の学校から配布される募集チラシからご応募ください。,４月末ごろ,５月中旬ごろ（定員に達ししだい、募集終了）,阿南市科学センター内　少年少女発明クラブ担当,０８８４－４２－１６００,※件名に、「○○（具体的な名称）少年少女発明クラブの件」とご記入下さい。,９：３０～１６：００,０８８４－４２－３６５２,ｓｃｉｅｎｃｅ＠ａｎａｎｓｃｉｅｎｃｅ．ｊｐ,,,,,,
北島町少年少女発明クラブ,きたじまちょう,http://kids.jiii.or.jp/modules/pico/index.php?content_id=188,徳島県,板野郡北島町,徳島県板野郡北島町,北島町老人福祉センター,主に第2・4土曜日　午前,小学校4年生～6年生,20名,年会費6000円,,,,,,,北島町教育委員会,０８８－６９８－９８１２,※件名に、「○○（具体的な名称）少年少女発明クラブの件」とご記入下さい。,月曜日～金曜日　8:30～17:15,０８８－６９８－１１２１,,,,,,,
三好少年少女発明クラブ,みよし,http://kids.jiii.or.jp/modules/pico/index.php?content_id=361,徳島県,三好市,,,原則として土曜日の午前,市内及び町内在住の小学３年生～６年生,１教室２０名以内,,,,,,,,,０８８３（７９）３６３０,※件名に、「○○（具体的な名称）少年少女発明クラブの件」とご記入下さい。,,０８８３（７９）３２１７,,,,,,三好市教育委員会学校教育課内　発明クラブ事務局,三好郡東みよし町教育委員会学校教育課内　発明クラブ事務局
東かがわ市少年少女発明クラブ,ひがしかがわし,http://kids.jiii.or.jp/modules/pico/index.php?content_id=191,香川県,東かがわ市,香川県東かがわ市帰来1092,白鳥本町コミュニティセンター,毎月第2・第4土曜日,市内小学校3年生から小学校6年生,20,,,,,,,,東かがわ市教育委員会事務局生涯学習課内　少年少女発明クラブ事務局,０８７９－２６－１２３８,※件名に、「○○（具体的な名称）少年少女発明クラブの件」とご記入下さい。,,０８７９－２６－１３４０,ｍ１００３１８＠ｃｉｔｙ．ｈｉｇａｓｈｉｋａｇａｗａ．ｋａｇａｗａ．ｊｐ,,,,,,
三木町少年少女発明クラブ,みきちょう,http://kids.jiii.or.jp/modules/pico/index.php?content_id=189,香川県,木田郡三木町,香川県木田郡三木町,サンサン館みき,原則として毎月第2土曜日・第4土曜日の午前中,小学校4年生～中学校2年生,30名,"年間1,000円",http://www.town.miki.lg.jp/section/gakusyu/hatumei_club.html,,,,,,三木町役場教育委員会生涯学習課内,０８７－８９１－３３１４,※件名に、「○○（具体的な名称）少年少女発明クラブの件」とご記入下さい。,月曜日～金曜日　8:30～17:15,０８７－８９８－１９９４,,,,,,,
三豊市少年少女発明クラブ,みとよし,http://kids.jiii.or.jp/modules/pico/index.php?content_id=190,香川県,三豊市,三豊市詫間町香田551,香川高等専門学校詫間キャンパス,毎月２回土曜日　9:00～11:00,小学3年生以上（小学2年生以下は保護者の管理下での参加は可能です）,140,"年会費1,000円／年、参加費100円／回",https://www.facebook.com/mitoyohatsumei/（Facebook）,,"香川高等専門学校詫間キャンパスまで通える小中学生なら誰でも参
加することができます。お気軽にご参加ください。",事務局までご連絡、もしくは開講日に直接お越しください。,随時,随時,三豊市教育委員会事務局生涯学習課,０８７５－７３－３１３５,※件名に、「○○（具体的な名称）少年少女発明クラブの件」とご記入下さい。,午前8時30分～午後5時15分（平日のみ）,,ｓｈｏｕｇａｉｇａｋｕｓｈｕ＠ｃｉｔｙ．ｍｉｔｏｙｏ．ｋａｇａｗａ．ｊｐ　（送信時は半角に変換して下さい）,,,,,,
今治市少年少女発明クラブ,いまばりし,http://kids.jiii.or.jp/modules/pico/index.php?content_id=192,愛媛県,今治市,今治市東門町五丁目840番４,旧今治コンピュータカレッジ内,原則第１、３土曜日の14：00～17：00　※年間25日程度,小学校５、６年生　今治市内に在住していること,40名,"2,500円（年会費）",,,科学に興味のある小学校５，６年生,各学校に配布する入会申込用紙でご応募ください。　※応募多数のときは抽選します。,２月中旬,３月下旬,今治市役所　産業部　商工振興課,０８９８－３６－１５４０,※件名に、「○○（具体的な名称）少年少女発明クラブの件」とご記入下さい。,月曜日～金曜日（祝日・年末年始除く）８：30～17：15,０８９８－２５－２９６１,shoukou@imabari-city.jp,,,,,,
砥部町少年少女発明クラブ,とべちょう,http://kids.jiii.or.jp/modules/pico/index.php?content_id=193,愛媛県,伊予郡砥部町,愛媛県伊予郡砥部町,宮内小学校　工作室,"土曜日の10:00～12:00（概ね月２回程度）、年間２０日程度
夏期休暇中に、施設見学を実施",小学校4年生～6年生,20名程度,"3,000円（年会費）",http://www.town.tobe.ehime.jp/,,アイデアと工夫で、ものづくりにチャレンジしてみよう！,毎年４月上旬に、小学校を通じて配布する申込用紙によりご応募ください。,４月上旬,４月下旬,"砥部町少年少女発明クラブ
（砥部町教育委員会社会教育課内）",０８９－９６２－５９５２,※件名に、「○○（具体的な名称）少年少女発明クラブの件」とご記入下さい。,月曜日～金曜日（祝日・年末年始除く）　8:30～17:15,０８９－９６２－４８９７,095shakai＠town.tobe.ehime.jp,,,,,,
新居浜市少年少女発明クラブ,にいはまし,http://kids.jiii.or.jp/modules/pico/index.php?content_id=388,愛媛県,新居浜市,新居浜市高木町2番60号,新居浜市総合福祉センター2階　第２研修室,土曜日の１０：３０～１２：００（月２回程度、年間１８回）,新居浜市内に在住の小学校第５・６学年児童,２０名,３，０００円（１年間）,,,,市内各小学校を通して配布する入会申込書を提出する,４月上旬,４月中旬,新居浜市教育委員会事務局　学校教育課,０８９７－６５－１３０１,※件名に、「新居浜市少年少女発明クラブの件」とご記入下さい。,月曜日～金曜日（祝日・年末年始除く）　８：３０～１７：１５,０８９７－６５－１３０６,ｔ12994＠city.niihama.lg.jp　　※送信の際は＠を半角小文字に変えてください。,,,,,,
松山市少年少女発明クラブ,まつやまし,http://kids.jiii.or.jp/modules/pico/index.php?content_id=194,愛媛県,松山市,愛媛県松山市湊町7-5,松山市総合コミュニティセンター　こども館内,第1・3土曜日　10:00～12:00,松山市内の小学校に通う小学校4年生～6年生,30名,"年会費　3,000円",,,新しいものを作り出す事に興味のある人,毎年3月頃より館内にポスターを掲示します。館内のチラシやハガキ等によりご応募下さい。,3月中旬,4月中旬,松山市少年少女発明クラブ,０８９－９４３－８２２８,※件名に、「○○（具体的な名称）少年少女発明クラブの件」とご記入下さい。,,０８９－９２１－８２４２,,,,,,,
南国市少年少女発明クラブ,なんこくし,http://kids.jiii.or.jp/modules/pico/index.php?content_id=195,高知県,南国市,高知県南国市日吉町2-1355-9,からくり創造工房,第2土曜日（主として）,市内在住の小学4年生～小学6年生,20,,,,,,,,南国市少年少女発明クラブ事務局,０８８－８８０－６５６７,※件名に、「○○（具体的な名称）少年少女発明クラブの件」とご記入下さい。,,０８８－８８０－６２０２,,,,,,,
飯塚少年少女発明クラブ,いいづか,http://kids.jiii.or.jp/modules/pico/index.php?content_id=199,福岡県,飯塚市,福岡県飯塚市飯塚１３番２３号,街なか交流・健康ひろば（飯塚東町商店街、旧玉置跡）,学校休日（主に日曜日）の午前中、２時間程度。夏休み期間中及び見学会等は特別スケジュールあり,飯塚市内在住の小学校４年生～６年生,２４名,年会費４，０００円,,,,下記事務局へお問い合わせください。,,,飯塚市役所　経済部　産学振興課　企業誘致推進室,０９４８－２２－５５００（内線１３０７）,※件名に、「○○（具体的な名称）少年少女発明クラブの件」とご記入下さい。,月曜日～金曜日　８：３０～１７：００,０９４８－２２－６０６２,,,,,,,
北九州市少年少女発明クラブ,きたきゅうしゅうし,http://kids.jiii.or.jp/modules/pico/index.php?content_id=196,福岡県,北九州市,北九州市八幡東区東田二丁目２番１１号,スペースLABO ANNEX　工房棟,５月から２月　２０回　（主に土曜日）,近隣の小学4年生～中学3年生,２４名,５０００円,なし,,,,下記事務局にお問い合わせください。,,スペースLABO ANNEX内　北九州市少年少女発明クラブ事務局,０９３－６６３－０５５０,※件名に、「○○（具体的な名称）少年少女発明クラブの件」とご記入下さい。,９：００～１７：００（月曜日は休館日、その日が祝日の場合は翌日）,０９３－６８１－１２２４,,,,,,,
くるめ少年少女発明クラブ,くるめ,http://kids.jiii.or.jp/modules/pico/index.php?content_id=200,福岡県,久留米市,福岡県久留米市諏訪野町,えーるピア久留米,基本的に第3土曜日（例外もあります。）,小学校4年生～6年生,24名,"年会費　3,500円",http://kurume.genki365.net/gnkk10/mypage/index.php?gid=G0000553,,,下記事務局へお問い合わせ下さい。,,,くるめ少年少女発明クラブ（久留米市生涯学習推進課内）,０９４２－３０－７９７０,※件名に、「○○（具体的な名称）少年少女発明クラブの件」とご記入下さい。,月曜日～金曜日　9:00～16:00,０９４２－３０－７９７１,,,,,,,
佐賀市少年少女発明クラブ,さがし,http://kids.jiii.or.jp/modules/pico/index.php?content_id=202,佐賀県,佐賀市,佐賀県佐賀市成章町,佐賀市立勧興小学校,土曜日の午前,市内在住の小学校4年生～中学校3年生,30名程度,"5,000円",,,"クラブには機械や工具をそろえ、指導員の先生からアドバイスを受けながら、自分のアイデアを作品に作り上げていきます。
21世紀の発明家を目指す子どもたち、集まれ！","はがきに住所・氏名（ふりがな）・学校・新学年・性別・保護者氏名・電話番号・ＦＡＸ番号を記入し下記に送付ください。
　　〒840-0811  佐賀市大財3－11－21　佐賀市少年少女発明クラブ事務局（佐賀市教育委員会教育部教育総務課内）
　　※募集期間は年度ごとに異なりますので、市報にてご確認いただくか、下記までお問い合わせください。",,,佐賀市教育委員会教育部教育総務課,０９５２－４０－７３５１,※件名に、「○○（具体的な名称）少年少女発明クラブの件」とご記入下さい。,月曜日～金曜日　8:30～17:15,０９５２－４０－７３９４,,,,,,,
武雄市少年少女発明クラブ,たけおし,http://kids.jiii.or.jp/modules/pico/index.php?content_id=201,佐賀県,武雄市,佐賀県武雄市武雄町大字武雄５５３８－１,武雄市文化会館　工作実習室,土曜日　９:００～１２:００（月に１、２回程度）,市内在住の小学４～６年生,２０名,年間　３，０００円,,,クラブには工作機械や工具をそろえ、指導員の先生たちとアイディアを練りながら作品を作り上げていきます。創造性を養い、２１世紀の発明家となりたい子ども達よ集まれ！！！！！！！,応募チラシに名前・住所・学年・電話番号など記入して発明クラブ事務局まで提出して下さい。,４月中旬,４月下旬,武雄市役所　こども教育部　生涯学習課　生涯学習係,０９５４－２３－５１６８,※件名に、「○○（具体的な名称）少年少女発明クラブの件」とご記入下さい。,８：３０～１７：１５,０９５４－２３－７５８５,,,,,,,
諫早市少年少女発明クラブ,いさはやし,http://kids.jiii.or.jp/modules/pico/index.php?content_id=204,長崎県,諫早市,長崎県諫早市幸町１－２３,九州ガス（株）　ガスホールアメニティ,毎月第2・4土曜日　9:30～12:00,小学校4～6年生　1年間続けられる子,30名,"年間3,000円",,他のクラブと活動日が重なる場合はご遠慮ください。,ものづくりが大好きで1年間続けられる子,FAX・郵送・持込　応募者多数の場合は抽選,毎年2月中旬,毎年3月中旬,諫早市教育委員会生涯学習課,０９５７－２２－２５３９,※件名に、「○○（具体的な名称）少年少女発明クラブの件」とご記入下さい。,月～金曜日　8:30～17:15,０９５７－２２－２８４０,,,,,,,
長崎市科学館少年少女発明クラブ,ながさきしかがくかん,http://kids.jiii.or.jp/modules/pico/index.php?content_id=203,長崎県,長崎市,長崎市油木町,長崎市科学館,H28年度16回（5/15-1/15）。原則10:00～12:00の活動。8月（4回10：00-15：00）10/30（見学学習9：00-17：00）,小学校4年生～中学校3年生,24名（超えた場合は抽選）,無料,http://www.nagasaki-city.ed.jp/starship/,,科学に興味のある小学校4年生～中学校3年生,往復葉書（住所、氏名、年齢、学校名、学年、保護者名、電話番号を記入）で長崎市科学館に申し込んでください。,平成28年4月1日（金）,平成28年4月24日（日）,長崎市科学館少年少女発明クラブ（長崎市科学館内）,０９５－８４２－０５０５,※件名に、「○○（具体的な名称）少年少女発明クラブの件」とご記入下さい。,火曜日～日曜日　9:00～17:00,０９５－８４２－２０８２,,,,,,,
荒尾少年少女発明クラブ,あらお,http://kids.jiii.or.jp/modules/pico/index.php?content_id=205,熊本県,荒尾市,熊本県荒尾市荒尾４１８６番地１９,荒尾総合文化センター子ども科学館２F工作室,月２回日曜日午前９時～正午,市内在住の小学４年生～中学３年生,３５名程度,"年会費１０,０００円（傷害保険料含む）",https://www.city.arao.lg.jp/q/aview/161/17112.html,,,市広報３月号にクラブ員募集記事掲載,３月１日,３月中旬,熊本県荒尾市教育委員会生涯学習課内,0968-57-8125,※件名に、「○○（具体的な名称）少年少女発明クラブの件」とご記入下さい。,８：３０～１７：１５,0968-62-1218,arao-hatsumei@city.arao.lg.jp,,,,,,
熊本市少年少女発明クラブ,くまもとし,http://kids.jiii.or.jp/modules/pico/index.php?content_id=389,熊本県,熊本市,熊本市西区池田4-22-14,崇城大学　ものづくり創造センター　SUMIC,土曜日　１４：００〜１７：００（月に１回程度）,市内在住の小学４〜中学３年生,３０名,"年１０,０００円（障害保険料、材料費含む）",https://kumamotoshihatsume.wixsite.com/hatsumeikids,,,往復葉書に名前・住所・学年・電話番号など記入して発明クラブ事務局までお送りください。,２月上旬,２月末,"熊本県熊本市北区高平3丁目43番11号  タイヘイテクノス(株)本社ビル５F　　              　　              　　              　　              　　              　　              
株式会社ワイズ・リーディング内",０９６−３４２−７８７８,※件名に、「○○（具体的な名称）少年少女発明クラブの件」とご記入下さい。,月〜土曜９：００-１７：００（祝日を除く）,０５０−５５７８−９２３０,,,,,,,
宇佐少年少女発明クラブ,うさ,http://kids.jiii.or.jp/modules/pico/index.php?content_id=362,大分県,宇佐市,宇佐市大字四日市１１１番地の２,宇佐市四日市コミュニティセンター,原則として第一土曜日の午前,市内在住の小学生,２０名程度,,,,,,,,宇佐市商工振興課内　宇佐発明クラブ事務局,０９７８－３２－１１１１（代）,※件名に、「○○（具体的な名称）少年少女発明クラブの件」とご記入下さい。,,０９７８－３２－２３２７,,,,,,,
大分少年少女発明クラブ,おおいた,http://kids.jiii.or.jp/modules/pico/index.php?content_id=206,大分県,大分市,大分県大分市大字下宗方１０３５－１,大分職業訓練センター,日曜日の午前９時～１２時まで（３時間）,小学３年生～中学３年生,30名,１５，０００／年,https://hatumeicluboita.jimdo.com/,ＨＰを新たに作りかえました,あなたのアイデアを形に、創造力を伸ばしましょう。,ＨＰ、チラシ、ポスター、口コミでＰＲしている。,毎年１月からスタート,４月末,大分県大分市大字羽田５８８－１　龍堂勝彦様方,０９７－５６９－１２７２,※件名に、「○○（具体的な名称）少年少女発明クラブの件」とご記入下さい。,１０時～２１時,０９７－５６９－１８１６,ka-ryudo＠oct-net.ne.jp,,,,,,
きつき少年少女発明クラブ,きつき,http://kids.jiii.or.jp/modules/pico/index.php?content_id=208,大分県,杵築市,大分県杵築市大字杵築１２６番地１,きつき生涯学習館,毎月1～2回程度（主に土曜日午前中）・長期休業中,市内在住の小学校4～6年生、中学生,３０名程度,"年会費10,000円",,,,市内小学校4～6年生全員に募集ちらし（申込書含む）を配布しますので、申込書に必要事項を記入して、各学級担任の先生に提出していただくか、直接事務局に提出してください。（ＦＡＸ可）,平成25年4月18日（木）,平成25年5月7日（火）,きつき少年少女発明クラブ,０９７７－７５－２４１３,※件名に、「○○（具体的な名称）少年少女発明クラブの件」とご記入下さい。,平日8:30～17:00,０９７７－７５－１３１４,,,,,,,
くにさき少年少女発明クラブ,くにさき,http://kids.jiii.or.jp/modules/pico/index.php?content_id=363,大分県,国東市,国東市国東町鶴川１６０番地２,国東中央公民館　アグリホール,月に１度、第２土曜日または第３土曜日,市内通学の小学生４～６年生,３０名程度,年会費　３，０００円,http://www.city.kunisaki.oita.jp/,,,４月に市内小学校に周知募集,４月から,５月末まで,国東市教育委員会　社会教育課内　くにさき少年少女発明クラブ事務局,０９７８－７２－２１２１,※件名に、「○○（具体的な名称）少年少女発明クラブの件」とご記入下さい。,８：３０～１７：００,０９７８－７２－４０７０,shakai-kyoiku＠city.kunisaki.lg.jp,,,,,,
佐伯市少年少女発明クラブ,さいき,http://kids.jiii.or.jp/modules/pico/index.php?content_id=209,大分県,佐伯市,大分県佐伯市長島町1番1号,佐伯市立鶴谷中学校,毎月第3土曜日,,30名,"5,000円",http://www.city.saiki.oita.jp/hatumei/index.html,,,,,,佐伯市役所商工振興課商工係,０９７２－２２－３９４３,※件名に、「○○（具体的な名称）少年少女発明クラブの件」とご記入下さい。,,０９７２－２４－２６１５,,,,,,,
中津少年少女発明クラブ,なかつ,http://kids.jiii.or.jp/modules/pico/index.php?content_id=378,大分県,中津市,大分県中津市中央町１丁目３番４５号,中津市生涯学習センターまなびん館,原則として月の第４週の土曜日の午後２時から４時まで,今年は小学校６年生から中学校２年生まで,今年は３０名,今年は傷害保険料を含めて６０００円,,,中津市内の小学生・中学生,中津市内の全小学校と中学校に申込書を配布し、募集をかけます。,,,活動住所・場所と同じ,０９７９－２２－７６３７,※件名に、「○○（具体的な名称）少年少女発明クラブの件」とご記入下さい。,"普通日の午前９時～午後９時まで
土曜日は午前９時～午後５時まで",０９７９－２２－７６３７,syougaigakusyuu＠city-nakatsu.jp　※送信の際は＠を半角小文字に変えてください。,,,,,,
ひた少年少女発明クラブ,ひた,http://kids.jiii.or.jp/modules/pico/index.php?content_id=210,大分県,日田市,,日田市桂林公民館,土曜日の午前,市内在住の小学4年生～6年生,24,,,,,,,,ひた少年少女発明クラブ事務局,０９７３－２４－３２４６,※件名に、「○○（具体的な名称）少年少女発明クラブの件」とご記入下さい。,,０９７３－２４－３２４６,ｋａｈｋｔｔ－３＠ｂ－ｎｅｔ．ｋｃｖ．ｊｐ,,,,,,
豊後高田少年少女発明クラブ,ぶんごたかだ,http://kids.jiii.or.jp/modules/pico/index.php?content_id=211,大分県,豊後高田市,豊後高田市玉津987,中央公民館,毎月第4土曜日の午後,クラブ員（小学4年生～小学6年生）,,,,,,,,,豊後高田市教育委員会内　少年少女発明クラブ事務局,０９７８－５３－５１１２,※件名に、「○○（具体的な名称）少年少女発明クラブの件」とご記入下さい。,,０９７８－５３－４７３１,,,,,,,
別府少年少女発明クラブ,べっぷ,http://kids.jiii.or.jp/modules/pico/index.php?content_id=207,大分県,別府市,大分県別府市光町22-19,NTT西日本別府営業所ビル　6階,土曜日・日曜日の午前・午後　夏季休暇中は特別スケジュール,小学校4年生～小学校6年生,30名,"年会費　10,000円",http://hatumei-beppu.justhpbs.jp,途中入会も可能です,電子・木工・プラスチック工作をやってみたい小学生,希望者はハガキ・FAXで応募してください　先着順です,4月1日より,4月20日までに事務局までご連絡ください,別府少年少女発明クラブ,,※件名に、「○○（具体的な名称）少年少女発明クラブの件」とご記入下さい。,,,,,,,,,
由布市少年少女発明クラブ,ゆふし,http://kids.jiii.or.jp/modules/pico/index.php?content_id=395,大分県,由布市,大分県由布市庄内町大龍1400番地,庄内公民館,月1～2回,由布市内の小学４年生～中学２年生,２０名,"6,000円/年",,,,応募チラシ,,,由布市教育委員会社会教育課,０９７－５８２－１２０３,※件名に、「○○（具体的な名称）少年少女発明クラブの件」とご記入下さい。,月～金（祝日を除く）　8：30～17：00,０９７－５８２－１２４５,social_edu＠city.yufu.lg.jp　　　※送信の際は＠を半角小文字に変えてください。,,,,,,
延岡少年少女発明クラブ,のべおか,,宮崎県,延岡市,,,,,,,,,,,,,,,,,,,,,,,,
都城少年少女発明クラブ,みやこのじょう,http://kids.jiii.or.jp/modules/pico/index.php?content_id=212,宮崎県,都城市,都城市年見町14-1,都城市カンガエールプラザ,原則として毎月第1・第3土曜日,小学校3～6年生,60名,"年会費4,000円",,現在募集中（受付期間：H24年4月9日～20日まで）,,,,,都城少年少女発明クラブ（都城市役所工業振興課内）,０９８６－２３－２９８３,※件名に、「○○（具体的な名称）少年少女発明クラブの件」とご記入下さい。,,０９８６－２３－２５６８,,,,,,,
宮崎少年少女発明クラブ,みやざき,http://kids.jiii.or.jp/modules/pico/index.php?content_id=213,宮崎県,宮崎市,宮崎市宮崎駅東1-2-2,,原則として毎月第2及び第4土曜日の午後,宮崎市及び周辺2町在住の小学4年生～中学3年生,30,,http://cosmoland.miyabunkyo.com/,,,募集案内チラシ又はホームページから募集用紙をダウンロード後、FAX、E-mail、持参,,,宮崎科学技術館,０９８５－２３－２７００,※件名に、「○○（具体的な名称）少年少女発明クラブの件」とご記入下さい。,,０９８５－２３－０７９１,ｍｓｃ０３＠ｃｏｓｍｏｌａｎｄ．ｊｐ,,,,,,
鹿児島少年少女発明クラブ,かごしま,http://kids.jiii.or.jp/modules/pico/index.php?content_id=215,鹿児島県,鹿児島市,鹿児島県鹿児島市草牟田2-36-39,鹿児島市職業訓練センター,毎月１～２回、土曜日13：30～15：30,小学校３年生から６年生までの児童（１年を通して活動できる方）,30名,"5,000円",http://kagoshima-jiii.or.jp/,,,募集案内の送付およびホームページ,毎年２月中旬,毎年２月下旬（定員になり次第締切）,一般社団法人鹿児島県発明協会,０９９－２９５－０１７１,※件名に、「○○（具体的な名称）少年少女発明クラブの件」とご記入下さい。,平日8：30～17：15,０９９－２９５－０１７２,info＠kagoshima-jiii.or.jp,,,,,,
薩摩川内市少年少女発明クラブ,さつませんだいし,http://kids.jiii.or.jp/modules/pico/index.php?content_id=391,鹿児島県,薩摩川内市,鹿児島県薩摩川内市天辰町２２１１番地１,国際交流センター内,毎月第２第４土曜日１４：００〜１６：００,小学４年生〜小学６年生の児童（１年間通して活動できるかた）,１５名,"年会費５,０００円（損害保険料含む）",,,,下記事務局へお問合せ下さい。,令和元年6月27日,令和元年7月10日,事業協同組合薩摩川内市企業連携協議会,０９９６－４１－３８５０,※件名に、「薩摩川内市少年少女発明クラブの件」とご記入下さい。,土日を除く９：００〜１７：００,０９９６－４１－３８６０,jimukyoku@kirenkyou.jp,,,,,,
南さつま少年少女発明クラブ,みなみさつま,,鹿児島県,南さつま市,,,,,,,,,,,,,,,,,,,,,,,,
なは市少年少女発明クラブ,なはし,http://kids.jiii.or.jp/modules/pico/index.php?content_id=216,沖縄県,那覇市,沖縄県那覇市壷屋1-5-13,壺屋児童館,,,35,,http://nahahatsumei2009.ti-da.net/,,,,,,壺屋児童館内　少年少女発明クラブ事務局,０９８－８６３－８６８２,※件名に、「○○（具体的な名称）少年少女発明クラブの件」とご記入下さい。,,０９８－８６３－８６８２,,,,,,,
